
-- EXEC sp_MSforeachtable "ALTER TABLE ? NOCHECK CONSTRAINT ALL";

-- -- 清空所有表的資料 (順序不重要了，因為約束已關閉)
-- -- 注意：這裡要列出你有參考關係的所有表
-- TRUNCATE TABLE order_item ;
-- TRUNCATE TABLE orders ;
-- DELETE FROM books ; -- 如果有 Identity 建議用 DELETE 或確保 TRUNCATE 重置 ID

-- -- 重新啟用所有表的外鍵約束
-- EXEC sp_MSforeachtable "ALTER TABLE ? WITH CHECK CHECK CONSTRAINT ALL";

-- =============================================
-- 1. 書籍資料 (books) - 以 ISBN 13碼 為準
-- =============================================
--SET IDENTITY_INSERT books ON;

INSERT INTO books 
(book_id, book_name, author, translator, press, price, isbn, stock, short_desc, created_at, on_shelf, version)
VALUES 
(1, '原子習慣', 'James Clear', '蔡世偉', '悅知文化', 330.00, '9789865101039', 50, '細微改變帶來巨大成就的實證法則', CURRENT_TIMESTAMP, 1, 1),
(2, '資料庫設計與開發實務', '陳會安', NULL, '旗標', 650.00, '9789863127458', 30, '系統架構設計的實戰手冊', CURRENT_TIMESTAMP, 1, 1),
(3, 'Clean Code：無瑕的程式碼', 'Robert C. Martin', '戴廷州', '博碩', 520.00, '9789862017050', 100, '代碼整潔之道', CURRENT_TIMESTAMP, 1, 1),
(4, 'Python 程式設計的樂趣', 'Cory Althoff', '許武切', '博碩', 450.00, '9789865022211', 25, '自學 Python 的第一本書', CURRENT_TIMESTAMP, 1, 1),
(5, 'Python 資料科學與機器學習實務', '施威銘研究室', NULL, '旗標', 580.00, '9789863124921', 80, '使用 Pandas, NumPy, Matplotlib', CURRENT_TIMESTAMP, 1, 1),
(6, '演算法圖解', 'Aditya Bhargava', '張子庭', '博碩', 450.00, '9789864341851', 120, '用插圖輕鬆學會演算法', CURRENT_TIMESTAMP, 1, 1),
(7, '領域驅動設計 (DDD) 指南', 'Vaughn Vernon', '張三', '博碩', 880.00, '9789864343169', 15, '軟體核心複雜性的應對之道', CURRENT_TIMESTAMP, 1, 1),
(8, '重構：改善既有程式碼的設計 (第2版)', 'Martin Fowler', '路曉睿', '電子工業', 680.00, '9787121245812', 40, '提升代碼質量的必讀之作', CURRENT_TIMESTAMP, 1, 1),
(9, '設計模式：可複用物件導向軟體之基礎', 'Erich Gamma等', '葉秉哲', '培生', 800.00, '9789861543321', 10, '軟體工程界的聖經', CURRENT_TIMESTAMP, 1, 1),
(10, 'ASP.NET Core 8 網頁開發實戰', '周家安', NULL, '深智數位', 880.00, '9786263337213', 60, 'ASP.NET Core 全端開發立即上手', CURRENT_TIMESTAMP, 1, 1),
(11, 'Kubernetes 雲端原生實戰指南', 'Brendan Burns', '王小明', '歐萊禮', 700.00, '9789865021573', 35, '掌握雲端時代的容器佈署', CURRENT_TIMESTAMP, 1, 1),
(12, 'Microsoft SQL Server 2005 T-SQL 程式設計核心基礎', 'Itzik Ben-Gan', NULL, '技術', 690.00, '9789866826123', 45, '讓你的 SQL 跑得比誰都快', CURRENT_TIMESTAMP, 1, 1),

(13, '遺失的書籍', 'Unknown', NULL, 'Unknown', 1231.00, '0000000000000', 0, '補齊缺失的書籍ID', CURRENT_TIMESTAMP, 0, 1),
(14, '底層邏輯：看清這個世界的底牌', '劉潤', NULL, '時報出版', 450.00, '9789571399431', 50, '看清事物本質', CURRENT_TIMESTAMP, 1, 1),
(15, '底層邏輯 2: 帶你升級思考, 挖掘數字裡蘊含的商業寶藏', '劉潤', NULL, '時報出版', 480.00, '9786263531475', 50, '商業進化的軸線與數學邏輯', CURRENT_TIMESTAMP, 1, 1),
(16, '灰階思考', '謝孟恭', NULL, '天下文化', 400.00, '9789865251147', 100, '股癌製作人帶你跳脫黑白思考陷阱', CURRENT_TIMESTAMP, 1, 1),
(17, '這個世界運作的真相', 'Vaclav Smil', '周寶蓮', '天下雜誌', 550.00, '9786263063525', 30, '科學解讀能源、糧食與全球化', CURRENT_TIMESTAMP, 1, 1),
(18, '邏輯學入門', '尼古拉斯．史密斯', '杜世忠', '商務印書館', 520.00, '9787100156943', 20, '系統性學習正確推理的基礎', CURRENT_TIMESTAMP, 1, 1),
(19, '多巴胺國度', 'Anna Lembke', '胡琦君', '麥田出版', 420.00, '9786263102170', 60, '在成癮年代找到平衡', CURRENT_TIMESTAMP, 1, 1),
(20, '深入淺出 Java 程式設計 (第三版)', 'Kathy Sierra', '黃銘信', '歐萊禮', 980.00, '9786263242272', 40, '最有趣的 Java 入門書', CURRENT_TIMESTAMP, 1, 1),
(21, '一日一頁醫學知識', 'David S. Kidder', '王惟芬', '墨刻出版股份有限公司', 450.00, '9789862896730', 25, '每天5分鐘建立醫學架構', CURRENT_TIMESTAMP, 1, 1);

--SET IDENTITY_INSERT books OFF;

-- =============================================
-- 2. 書籍圖片 (book_images) - URL 取名為「書名.jpg」
-- =============================================
--SET IDENTITY_INSERT   book_images  ON;

INSERT INTO  book_images (image_id, book_id, image_url)
VALUES 
(1, 1, '原子習慣.jpg'),
(2, 2, '資料庫設計與開發實務.jpg'),
(3, 3, 'Clean Code：無瑕的程式碼.jpg'),
(4, 4, 'Python 程式設計的樂趣.jpg'),
(5, 5, 'Python 資料科學與機器學習實務.jpg'),
(6, 6, '演算法圖解.jpg'),
(7, 7, '領域驅動設計 (DDD) 指南.jpg'),
(8, 8, '重構：改善既有程式碼的設計 (第2版).jpg'),
(9, 9, '設計模式：可複用物件導向軟體之基礎.jpg'),
(10, 10, 'ASP.NET Core 8 網頁開發實戰.jpg'),
(11, 11, 'Kubernetes 雲端原生實戰指南.jpg'),
(12, 12,'Microsoft SQL Server 2005 T-SQL 程式設計核心基礎.jpg'),

(13, 13, 'default.jpg'),
(14, 14, '底層邏輯：看清這個世界的底牌.jpg'),
(15, 15, '底層邏輯 2.jpg'),
(16, 16, '灰階思考.jpg'),
(17, 17, '這個世界運作的真相.jpg'),
(18, 18, '邏輯學入門.jpg'),
(19, 19, '多巴胺國度.jpg'),
(20, 20, '深入淺出 Java 程式設計 (第三版).jpg'),
(21, 21, '一日一頁醫學知識.jpg');

--SET IDENTITY_INSERT book_images OFF;



--分類資料
--SET IDENTITY_INSERT genres ON;


INSERT INTO  genres (genre_id, genre_name)
VALUES 
(1, '商業思維'),
(2, '心理勵志'),
(3, '社會科學'),
(4, '醫療保健'),
(5, '電腦科學'),
(6, '文學小說'),      -- 包含翻譯文學、經典名著
(7, '藝術設計'),      -- 包含攝影、建築、平面設計
(8, '自然科普'),      -- 包含天文、生物、環境科學
(9, '親子教育'),      -- 包含童書、青少年教養
(10, '生活風格'),     -- 包含旅遊、美食、家事管理
(11, '語言學習'),     -- 包含多益、日檢、英文檢定
(12, '考試用書'),     -- 包含公職、證照考取
(13, '財務管理'),     -- 包含個人理財、投資分析（與商業思維分開）
(14, '歷史哲學'),     -- 包含世界史、中西方哲學
(15, '軟體架構');

--SET IDENTITY_INSERT genres OFF;




--書籍類型
-- 技術類 (電腦科學/軟體架構)
INSERT INTO book_genre_map (book_id, genre_id)
VALUES 
(1, 5), (1, 15), (2, 5), (3, 5), (3, 15), (4, 5), (4, 15), (5, 5), (6, 5), 
(7, 5), (7, 15), (8, 5), (9, 5), (9, 15), (10, 5), (11, 5), (11, 15), (12, 5),
(20, 5);

-- 商業/財務類
INSERT INTO book_genre_map (book_id, genre_id)
VALUES 
(14, 1), (15, 1), (16, 13), (17, 1), (17, 3);

-- 心理/科普/醫療類
INSERT INTO book_genre_map (book_id, genre_id)
VALUES 
(16, 2), (18, 14), (19, 2), (19, 4), (21, 4), (21, 10);


--會員資料
--SET IDENTITY_INSERT users ON;

-- INSERT INTO users  
-- ( user_id ,  user_name ,  user_pwd ,  email ,  gender ,  phone_num ,  address ,  points ,  user_type ,  status ,  created_at ,  created_by )
-- VALUES 
-- (1, N'林木森', '$2a$10$GRLdNijSQMUvl/au9ShLquqnAcnGZIdscu0M5w1uC/Lg/5hA1Kdqm', 'TreeorTree@bookstore.com', 'M', '0987654321', NULL, 0, 0, 1, CURRENT_TIMESTAMP, 'System'),
-- (2, N'林木楓', '$2a$10$GRLdNijSQMUvl/au9ShLquqnAcnGZIdscu0M5w1uC/Lg/5hA1Kdqm', 'Maple@bookstore.com', 'M', '0912345678', N'桃園市中壢區中華路999號', 0, 1, 1, CURRENT_TIMESTAMP, 'System'),
-- (3, N'李鐵柱', '$2a$10$GRLdNijSQMUvl/au9ShLquqnAcnGZIdscu0M5w1uC/Lg/5hA1Kdqm', 'user1@yahoo.com', 'M', '0987454135', N'桃園市中壢區新生路991號', 450, 2, 1, CURRENT_TIMESTAMP, 'System'),
-- (4, N'王翠花', '$2a$10$GRLdNijSQMUvl/au9ShLquqnAcnGZIdscu0M5w1uC/Lg/5hA1Kdqm', 'user2@yahoo.com', 'F', '0974745241', N'桃園市中壢區新生路992號', 1200, 2, 1, CURRENT_TIMESTAMP, 'System'),
-- (5, N'林志玲', '$2a$10$GRLdNijSQMUvl/au9ShLquqnAcnGZIdscu0M5w1uC/Lg/5hA1Kdqm', 'user3@yahoo.com', 'F', '0954123547', N'桃園市中壢區新生路993號', 880, 2, 1, CURRENT_TIMESTAMP, 'System'),
-- (6, N'張大寶', '$2a$10$GRLdNijSQMUvl/au9ShLquqnAcnGZIdscu0M5w1uC/Lg/5hA1Kdqm', 'user4@yahoo.com', 'M', '0985412534', N'桃園市中壢區新生路994號', 150, 2, 1, CURRENT_TIMESTAMP, 'System'),
-- (7, N'陳汁瀚', '$2a$10$GRLdNijSQMUvl/au9ShLquqnAcnGZIdscu0M5w1uC/Lg/5hA1Kdqm', 'user5@yahoo.com', 'M', '0958745666', N'桃園市中壢區新生路995號', 1950, 2, 1, CURRENT_TIMESTAMP, 'System'),
-- (8, N'周餅倫', '$2a$10$GRLdNijSQMUvl/au9ShLquqnAcnGZIdscu0M5w1uC/Lg/5hA1Kdqm', 'user6@yahoo.com', 'M', '0965845333', N'桃園市中壢區新生路996號', 300, 2, 1, CURRENT_TIMESTAMP, 'System'),
-- (9, N'王小陸', '$2a$10$GRLdNijSQMUvl/au9ShLquqnAcnGZIdscu0M5w1uC/Lg/5hA1Kdqm', 'user7@yahoo.com', 'M', '0954254855', N'桃園市中壢區新生路997號', 720, 2, 1, CURRENT_TIMESTAMP, 'System'),
-- (10, N'范承仁', '$2a$10$GRLdNijSQMUvl/au9ShLquqnAcnGZIdscu0M5w1uC/Lg/5hA1Kdqm', 'user8@yahoo.com', 'M', '0985412578', N'桃園市中壢區新生路998號', 1100, 2, 1, CURRENT_TIMESTAMP, 'System'),
-- (11, N'李建輝', '$2a$10$GRLdNijSQMUvl/au9ShLquqnAcnGZIdscu0M5w1uC/Lg/5hA1Kdqm', 'user9@yahoo.com', 'M', '0985412544', N'桃園市中壢區新生路999號', 560, 2, 1, CURRENT_TIMESTAMP, 'System');

--SET IDENTITY_INSERT users OFF;

INSERT into orders  ( order_id ,  user_id ,  total_amount ,  payment_method ,  payment_status ,  order_status ,  recipient_at ,  address ,  phone ,  shipped_at ,  delivered_at ,  received_at ,  created_at ,  updated_at ,  paid_at ,  completed_at ,  DELIVERY_METHOD ,  SHIPPING_FEE ,  FINAL_AMOUNT ,  COUPON_ID ,  DISCOUNT ) VALUES (1, 1, CAST(1300.00 AS Numeric(38, 2)), N'貨到付款', N'已付款', N'已送達', N'陳總管理', N'台醫店 (006598) - 台北市中正區中山南路７號１樓', N'0910111222', CAST(N'2025-10-03T09:00:00.0000000' AS DateTime2), CAST(N'2025-10-05T08:30:00.0000000' AS DateTime2), CAST(N'2025-10-05T10:15:00.0000000' AS DateTime2), CAST(N'2025-10-02T13:28:00.0000000' AS DateTime2), CAST(N'2025-10-05T10:20:00.0000000' AS DateTime2), CAST(N'2025-10-05T10:15:00.0000000' AS DateTime2), CAST(N'2025-10-05T10:15:00.0000000' AS DateTime2), N'超商取貨', CAST(0.00 AS Numeric(38, 2)), CAST(1300.00 AS Numeric(38, 2)), NULL, NULL);
INSERT into orders  ( order_id ,  user_id ,  total_amount ,  payment_method ,  payment_status ,  order_status ,  recipient_at ,  address ,  phone ,  shipped_at ,  delivered_at ,  received_at ,  created_at ,  updated_at ,  paid_at ,  completed_at ,  DELIVERY_METHOD ,  SHIPPING_FEE ,  FINAL_AMOUNT ,  COUPON_ID ,  DISCOUNT ) VALUES (2, 4, CAST(1900.00 AS Numeric(38, 2)), N'貨到付款', N'已付款', N'已完成', N'張雅雯', N'北市杭州店 (2001) - 台北市大安區杭州南路二段５號', N'0940777888', CAST(N'2025-10-04T10:28:00.0000000' AS DateTime2), CAST(N'2025-10-06T10:28:00.0000000' AS DateTime2), CAST(N'2025-10-06T11:13:00.0000000' AS DateTime2), CAST(N'2025-10-02T13:28:00.0000000' AS DateTime2), CAST(N'2025-10-06T11:13:00.0000000' AS DateTime2), CAST(N'2025-10-06T11:13:00.0000000' AS DateTime2), CAST(N'2025-10-06T11:13:00.0000000' AS DateTime2), N'超商取貨', CAST(0.00 AS Numeric(38, 2)), CAST(1900.00 AS Numeric(38, 2)), NULL, NULL);
INSERT into orders  ( order_id ,  user_id ,  total_amount ,  payment_method ,  payment_status ,  order_status ,  recipient_at ,  address ,  phone ,  shipped_at ,  delivered_at ,  received_at ,  created_at ,  updated_at ,  paid_at ,  completed_at ,  DELIVERY_METHOD ,  SHIPPING_FEE ,  FINAL_AMOUNT ,  COUPON_ID ,  DISCOUNT ) VALUES (4, 5, CAST(500.00 AS Numeric(38, 2)), N'貨到付款', N'已付款', N'已完成', N'李國豪', N'建盛門市 (131386) - 新竹市東區建中一路52號1樓', N'0950999000', CAST(N'2025-10-03T11:00:00.0000000' AS DateTime2), CAST(N'2025-10-05T10:00:00.0000000' AS DateTime2), CAST(N'2025-10-05T14:20:00.0000000' AS DateTime2), CAST(N'2025-10-02T13:28:00.0000000' AS DateTime2), CAST(N'2025-10-05T14:30:00.0000000' AS DateTime2), CAST(N'2025-10-05T14:20:00.0000000' AS DateTime2), CAST(N'2025-10-05T14:20:00.0000000' AS DateTime2), N'超商取貨', CAST(0.00 AS Numeric(38, 2)), CAST(500.00 AS Numeric(38, 2)), NULL, NULL);
INSERT into orders  ( order_id ,  user_id ,  total_amount ,  payment_method ,  payment_status ,  order_status ,  recipient_at ,  address ,  phone ,  shipped_at ,  delivered_at ,  received_at ,  created_at ,  updated_at ,  paid_at ,  completed_at ,  DELIVERY_METHOD ,  SHIPPING_FEE ,  FINAL_AMOUNT ,  COUPON_ID ,  DISCOUNT ) VALUES (5, 9, CAST(1300.00 AS Numeric(38, 2)), N'信用卡', N'已付款', N'已完成', N'林光磊', N'台北市信義區管理中心', N'0971554238', CAST(N'2025-10-07T09:00:00.0000000' AS DateTime2), CAST(N'2025-10-09T14:00:00.0000000' AS DateTime2), CAST(N'2025-10-09T18:30:00.0000000' AS DateTime2), CAST(N'2025-10-05T14:51:00.0000000' AS DateTime2), CAST(N'2025-10-09T18:40:00.0000000' AS DateTime2), CAST(N'2025-10-05T15:05:00.0000000' AS DateTime2), CAST(N'2025-10-09T18:30:00.0000000' AS DateTime2), N'宅配到府', CAST(0.00 AS Numeric(38, 2)), CAST(1300.00 AS Numeric(38, 2)), NULL, NULL);
INSERT into orders  ( order_id ,  user_id ,  total_amount ,  payment_method ,  payment_status ,  order_status ,  recipient_at ,  address ,  phone ,  shipped_at ,  delivered_at ,  received_at ,  created_at ,  updated_at ,  paid_at ,  completed_at ,  DELIVERY_METHOD ,  SHIPPING_FEE ,  FINAL_AMOUNT ,  COUPON_ID ,  DISCOUNT ) VALUES (6, 1, CAST(500.00 AS Numeric(38, 2)), N'貨到付款', N'未付款', N'已取消', N'陳總管理', N'建盛門市 (131386) - 新竹市東區建中一路52號1樓', N'0990707808', NULL, NULL, NULL, CAST(N'2025-10-05T14:51:00.0000000' AS DateTime2), CAST(N'2025-10-06T10:00:00.0000000' AS DateTime2), NULL, NULL, N'超商取貨', CAST(0.00 AS Numeric(38, 2)), CAST(500.00 AS Numeric(38, 2)), NULL, NULL);
INSERT into orders  ( order_id ,  user_id ,  total_amount ,  payment_method ,  payment_status ,  order_status ,  recipient_at ,  address ,  phone ,  shipped_at ,  delivered_at ,  received_at ,  created_at ,  updated_at ,  paid_at ,  completed_at ,  DELIVERY_METHOD ,  SHIPPING_FEE ,  FINAL_AMOUNT ,  COUPON_ID ,  DISCOUNT ) VALUES (8, 5, CAST(500.00 AS Numeric(38, 2)), N'貨到付款', N'已付款', N'已完成', N'李國豪', N'建盛門市 (131386) - 新竹市東區建中一路52號1樓', N'0947158247', CAST(N'2025-10-08T10:00:00.0000000' AS DateTime2), CAST(N'2025-10-10T15:00:00.0000000' AS DateTime2), CAST(N'2025-10-10T19:20:00.0000000' AS DateTime2), CAST(N'2025-10-07T14:51:00.0000000' AS DateTime2), CAST(N'2025-10-10T19:30:00.0000000' AS DateTime2), CAST(N'2025-10-10T19:20:00.0000000' AS DateTime2), CAST(N'2025-10-10T19:20:00.0000000' AS DateTime2), N'超商取貨', CAST(0.00 AS Numeric(38, 2)), CAST(500.00 AS Numeric(38, 2)), NULL, NULL);
INSERT into orders  ( order_id ,  user_id ,  total_amount ,  payment_method ,  payment_status ,  order_status ,  recipient_at ,  address ,  phone ,  shipped_at ,  delivered_at ,  received_at ,  created_at ,  updated_at ,  paid_at ,  completed_at ,  DELIVERY_METHOD ,  SHIPPING_FEE ,  FINAL_AMOUNT ,  COUPON_ID ,  DISCOUNT ) VALUES (13, 4, CAST(400.00 AS Numeric(38, 2)), N'貨到付款', N'已付款', N'已完成', N'張雅雯', N'台醫店 (006598) - 台北市中正區中山南路７號１樓', N'0912345678', CAST(N'2025-10-11T09:00:00.0000000' AS DateTime2), CAST(N'2025-10-13T10:00:00.0000000' AS DateTime2), CAST(N'2025-10-13T12:00:00.0000000' AS DateTime2), CAST(N'2025-10-10T10:56:00.0000000' AS DateTime2), CAST(N'2025-10-13T12:10:00.0000000' AS DateTime2), CAST(N'2025-10-13T12:00:00.0000000' AS DateTime2), CAST(N'2025-10-13T12:00:00.0000000' AS DateTime2), N'超商取貨', CAST(0.00 AS Numeric(38, 2)), CAST(400.00 AS Numeric(38, 2)), NULL, NULL);
INSERT into orders  ( order_id ,  user_id ,  total_amount ,  payment_method ,  payment_status ,  order_status ,  recipient_at ,  address ,  phone ,  shipped_at ,  delivered_at ,  received_at ,  created_at ,  updated_at ,  paid_at ,  completed_at ,  DELIVERY_METHOD ,  SHIPPING_FEE ,  FINAL_AMOUNT ,  COUPON_ID ,  DISCOUNT ) VALUES (14, 10, CAST(400.00 AS Numeric(38, 2)), N'貨到付款', N'已付款', N'已完成', N'趙後勤', N'北市杭州店 (2001) - 台北市大安區杭州南路二段５號', N'0912345678', CAST(N'2025-10-13T10:00:00.0000000' AS DateTime2), CAST(N'2025-10-15T11:00:00.0000000' AS DateTime2), CAST(N'2025-10-15T15:30:00.0000000' AS DateTime2), CAST(N'2025-10-12T11:04:00.0000000' AS DateTime2), CAST(N'2025-10-15T15:40:00.0000000' AS DateTime2), CAST(N'2025-10-15T15:30:00.0000000' AS DateTime2), CAST(N'2025-10-15T15:30:00.0000000' AS DateTime2), N'超商取貨', CAST(0.00 AS Numeric(38, 2)), CAST(400.00 AS Numeric(38, 2)), NULL, NULL);
INSERT into orders  ( order_id ,  user_id ,  total_amount ,  payment_method ,  payment_status ,  order_status ,  recipient_at ,  address ,  phone ,  shipped_at ,  delivered_at ,  received_at ,  created_at ,  updated_at ,  paid_at ,  completed_at ,  DELIVERY_METHOD ,  SHIPPING_FEE ,  FINAL_AMOUNT ,  COUPON_ID ,  DISCOUNT ) VALUES (15, 1, CAST(700.00 AS Numeric(38, 2)), N'貨到付款', N'已付款', N'已完成', N'陳總管理', N'台醫店 (006598) - 台北市中正區中山南路７號１樓', N'0990707808', CAST(N'2025-10-16T11:00:00.0000000' AS DateTime2), CAST(N'2025-10-18T09:00:00.0000000' AS DateTime2), CAST(N'2025-10-18T10:11:00.0000000' AS DateTime2), CAST(N'2025-10-15T11:06:00.0000000' AS DateTime2), CAST(N'2025-10-18T10:20:00.0000000' AS DateTime2), CAST(N'2025-10-18T10:11:00.0000000' AS DateTime2), CAST(N'2025-10-18T10:11:00.0000000' AS DateTime2), N'超商取貨', CAST(0.00 AS Numeric(38, 2)), CAST(700.00 AS Numeric(38, 2)), NULL, NULL);
INSERT into orders  ( order_id ,  user_id ,  total_amount ,  payment_method ,  payment_status ,  order_status ,  recipient_at ,  address ,  phone ,  shipped_at ,  delivered_at ,  received_at ,  created_at ,  updated_at ,  paid_at ,  completed_at ,  DELIVERY_METHOD ,  SHIPPING_FEE ,  FINAL_AMOUNT ,  COUPON_ID ,  DISCOUNT ) VALUES (17, 5, CAST(1120.00 AS Numeric(38, 2)), N'貨到付款', N'已付款', N'已完成', N'李國豪', N'建盛門市 (131386) - 新竹市東區建中一路52號1樓', N'0912345678', CAST(N'2025-10-19T09:00:00.0000000' AS DateTime2), CAST(N'2025-10-21T08:00:00.0000000' AS DateTime2), CAST(N'2025-10-21T11:19:00.0000000' AS DateTime2), CAST(N'2025-10-18T11:09:00.0000000' AS DateTime2), CAST(N'2025-10-21T11:25:00.0000000' AS DateTime2), CAST(N'2025-10-21T11:19:00.0000000' AS DateTime2), CAST(N'2025-10-21T11:19:00.0000000' AS DateTime2), N'超商取貨', CAST(0.00 AS Numeric(38, 2)), CAST(1120.00 AS Numeric(38, 2)), NULL, NULL);
INSERT into orders  ( order_id ,  user_id ,  total_amount ,  payment_method ,  payment_status ,  order_status ,  recipient_at ,  address ,  phone ,  shipped_at ,  delivered_at ,  received_at ,  created_at ,  updated_at ,  paid_at ,  completed_at ,  DELIVERY_METHOD ,  SHIPPING_FEE ,  FINAL_AMOUNT ,  COUPON_ID ,  DISCOUNT ) VALUES (24, 4, CAST(1100.00 AS Numeric(38, 2)), N'信用卡', N'已付款', N'已完成', N'張雅雯', N'花蓮縣吉安鄉中央路', N'0912345678', CAST(N'2025-10-22T10:00:00.0000000' AS DateTime2), CAST(N'2025-10-24T14:00:00.0000000' AS DateTime2), CAST(N'2025-10-24T18:00:00.0000000' AS DateTime2), CAST(N'2025-10-20T11:48:00.0000000' AS DateTime2), CAST(N'2025-10-24T18:10:00.0000000' AS DateTime2), CAST(N'2025-10-20T12:05:00.0000000' AS DateTime2), CAST(N'2025-10-24T18:00:00.0000000' AS DateTime2), N'宅配到府', CAST(0.00 AS Numeric(38, 2)), CAST(1100.00 AS Numeric(38, 2)), NULL, NULL);
INSERT into orders  ( order_id ,  user_id ,  total_amount ,  payment_method ,  payment_status ,  order_status ,  recipient_at ,  address ,  phone ,  shipped_at ,  delivered_at ,  received_at ,  created_at ,  updated_at ,  paid_at ,  completed_at ,  DELIVERY_METHOD ,  SHIPPING_FEE ,  FINAL_AMOUNT ,  COUPON_ID ,  DISCOUNT ) VALUES (25, 1, CAST(400.00 AS Numeric(38, 2)), N'貨到付款', N'已付款', N'已完成', N'陳總管理', N'建盛門市 (131386) - 新竹市東區建中一路52號1樓', N'0912345678', CAST(N'2025-10-23T09:00:00.0000000' AS DateTime2), CAST(N'2025-10-25T10:00:00.0000000' AS DateTime2), CAST(N'2025-10-25T11:00:00.0000000' AS DateTime2), CAST(N'2025-10-22T15:56:00.0000000' AS DateTime2), CAST(N'2025-10-25T11:10:00.0000000' AS DateTime2), CAST(N'2025-10-25T11:00:00.0000000' AS DateTime2), CAST(N'2025-10-25T11:00:00.0000000' AS DateTime2), N'超商取貨', CAST(50.00 AS Numeric(38, 2)), CAST(400.00 AS Numeric(38, 2)), NULL, NULL);
INSERT into orders  ( order_id ,  user_id ,  total_amount ,  payment_method ,  payment_status ,  order_status ,  recipient_at ,  address ,  phone ,  shipped_at ,  delivered_at ,  received_at ,  created_at ,  updated_at ,  paid_at ,  completed_at ,  DELIVERY_METHOD ,  SHIPPING_FEE ,  FINAL_AMOUNT ,  COUPON_ID ,  DISCOUNT ) VALUES (26, 7, CAST(350.00 AS Numeric(38, 2)), N'信用卡', N'已付款', N'已完成', N'許志明', N'台北市大安區復興南路', N'0987654321', CAST(N'2025-10-27T10:00:00.0000000' AS DateTime2), CAST(N'2025-10-29T11:00:00.0000000' AS DateTime2), CAST(N'2025-10-29T15:00:00.0000000' AS DateTime2), CAST(N'2025-10-25T10:37:00.0000000' AS DateTime2), CAST(N'2025-10-29T15:10:00.0000000' AS DateTime2), CAST(N'2025-10-25T10:50:00.0000000' AS DateTime2), CAST(N'2025-10-29T15:00:00.0000000' AS DateTime2), N'宅配到府', CAST(50.00 AS Numeric(38, 2)), CAST(350.00 AS Numeric(38, 2)), NULL, NULL);
INSERT into orders  ( order_id ,  user_id ,  total_amount ,  payment_method ,  payment_status ,  order_status ,  recipient_at ,  address ,  phone ,  shipped_at ,  delivered_at ,  received_at ,  created_at ,  updated_at ,  paid_at ,  completed_at ,  DELIVERY_METHOD ,  SHIPPING_FEE ,  FINAL_AMOUNT ,  COUPON_ID ,  DISCOUNT ) VALUES (27, 8, CAST(650.00 AS Numeric(38, 2)), N'信用卡', N'已付款', N'已完成', N'周小敏', N'高雄市苓雅區光華路', N'0990707808', CAST(N'2025-10-30T11:00:00.0000000' AS DateTime2), CAST(N'2025-11-01T10:00:00.0000000' AS DateTime2), CAST(N'2025-11-01T16:00:00.0000000' AS DateTime2), CAST(N'2025-10-28T11:56:00.0000000' AS DateTime2), CAST(N'2025-11-01T16:10:00.0000000' AS DateTime2), CAST(N'2025-10-28T12:10:00.0000000' AS DateTime2), CAST(N'2025-11-01T16:00:00.0000000' AS DateTime2), N'宅配到府', CAST(0.00 AS Numeric(38, 2)), CAST(650.00 AS Numeric(38, 2)), NULL, NULL);
INSERT into orders  ( order_id ,  user_id ,  total_amount ,  payment_method ,  payment_status ,  order_status ,  recipient_at ,  address ,  phone ,  shipped_at ,  delivered_at ,  received_at ,  created_at ,  updated_at ,  paid_at ,  completed_at ,  DELIVERY_METHOD ,  SHIPPING_FEE ,  FINAL_AMOUNT ,  COUPON_ID ,  DISCOUNT ) VALUES (28, 6, CAST(1200.00 AS Numeric(38, 2)), N'貨到付款', N'已付款', N'已完成', N'鄭宜靜', N'台醫店 (006598) - 台北市中正區中山南路７號１樓', N'0987654321', CAST(N'2025-11-03T10:00:00.0000000' AS DateTime2), CAST(N'2025-11-05T09:00:00.0000000' AS DateTime2), CAST(N'2025-11-05T15:10:00.0000000' AS DateTime2), CAST(N'2025-11-02T10:33:00.0000000' AS DateTime2), CAST(N'2025-11-05T15:20:00.0000000' AS DateTime2), CAST(N'2025-11-05T15:10:00.0000000' AS DateTime2), CAST(N'2025-11-05T15:10:00.0000000' AS DateTime2), N'超商取貨', CAST(0.00 AS Numeric(38, 2)), CAST(1200.00 AS Numeric(38, 2)), NULL, NULL);
INSERT into orders  ( order_id ,  user_id ,  total_amount ,  payment_method ,  payment_status ,  order_status ,  recipient_at ,  address ,  phone ,  shipped_at ,  delivered_at ,  received_at ,  created_at ,  updated_at ,  paid_at ,  completed_at ,  DELIVERY_METHOD ,  SHIPPING_FEE ,  FINAL_AMOUNT ,  COUPON_ID ,  DISCOUNT ) VALUES (36, 5, CAST(400.00 AS Numeric(38, 2)), N'信用卡', N'已付款', N'已完成', N'李國豪', N'中壢區新生路二段', N'0789031237', CAST(N'2025-11-06T10:00:00.0000000' AS DateTime2), CAST(N'2025-11-08T11:00:00.0000000' AS DateTime2), CAST(N'2025-11-08T14:00:00.0000000' AS DateTime2), CAST(N'2025-11-04T18:55:00.0000000' AS DateTime2), CAST(N'2025-11-08T14:10:00.0000000' AS DateTime2), CAST(N'2025-11-04T19:10:00.0000000' AS DateTime2), CAST(N'2025-11-08T14:00:00.0000000' AS DateTime2), N'宅配到府', CAST(50.00 AS Numeric(38, 2)), CAST(400.00 AS Numeric(38, 2)), NULL, NULL);
INSERT into orders  ( order_id ,  user_id ,  total_amount ,  payment_method ,  payment_status ,  order_status ,  recipient_at ,  address ,  phone ,  shipped_at ,  delivered_at ,  received_at ,  created_at ,  updated_at ,  paid_at ,  completed_at ,  DELIVERY_METHOD ,  SHIPPING_FEE ,  FINAL_AMOUNT ,  COUPON_ID ,  DISCOUNT ) VALUES (37, 4, CAST(750.00 AS Numeric(38, 2)), N'信用卡', N'已付款', N'已完成', N'張雅雯', N'中壢區新生路二段', N'0940777888', CAST(N'2025-11-08T11:00:00.0000000' AS DateTime2), CAST(N'2025-11-10T15:00:00.0000000' AS DateTime2), CAST(N'2025-11-10T20:34:00.0000000' AS DateTime2), CAST(N'2025-11-06T18:55:00.0000000' AS DateTime2), CAST(N'2025-11-10T20:45:00.0000000' AS DateTime2), CAST(N'2025-11-06T19:30:00.0000000' AS DateTime2), CAST(N'2025-11-10T20:34:00.0000000' AS DateTime2), N'宅配到府', CAST(0.00 AS Numeric(38, 2)), CAST(750.00 AS Numeric(38, 2)), NULL, NULL);
INSERT into orders  ( order_id ,  user_id ,  total_amount ,  payment_method ,  payment_status ,  order_status ,  recipient_at ,  address ,  phone ,  shipped_at ,  delivered_at ,  received_at ,  created_at ,  updated_at ,  paid_at ,  completed_at ,  DELIVERY_METHOD ,  SHIPPING_FEE ,  FINAL_AMOUNT ,  COUPON_ID ,  DISCOUNT ) VALUES (38, 8, CAST(720.00 AS Numeric(38, 2)), N'貨到付款', N'已付款', N'已取消', N'周小敏', N'台醫店 (006598) - 台北市中正區中山南路７號１樓', N'0912345678', NULL, NULL, NULL, CAST(N'2025-11-08T20:35:00.0000000' AS DateTime2), CAST(N'2025-11-09T10:00:00.0000000' AS DateTime2), NULL, NULL, N'超商取貨', CAST(0.00 AS Numeric(38, 2)), CAST(720.00 AS Numeric(38, 2)), NULL, NULL);
INSERT into orders  ( order_id ,  user_id ,  total_amount ,  payment_method ,  payment_status ,  order_status ,  recipient_at ,  address ,  phone ,  shipped_at ,  delivered_at ,  received_at ,  created_at ,  updated_at ,  paid_at ,  completed_at ,  DELIVERY_METHOD ,  SHIPPING_FEE ,  FINAL_AMOUNT ,  COUPON_ID ,  DISCOUNT ) VALUES (39, 1, CAST(750.00 AS Numeric(38, 2)), N'信用卡', N'已付款', N'已完成', N'陳總管理', N'中壢區新生路二段', N'0912345678', CAST(N'2025-11-12T10:00:00.0000000' AS DateTime2), CAST(N'2025-11-14T11:00:00.0000000' AS DateTime2), CAST(N'2025-11-14T16:00:00.0000000' AS DateTime2), CAST(N'2025-11-10T14:48:00.0000000' AS DateTime2), CAST(N'2026-01-06T14:48:01.2630000' AS DateTime2), CAST(N'2025-11-14T16:10:00.0000000' AS DateTime2), CAST(N'2025-11-14T16:00:00.0000000' AS DateTime2), N'宅配到府', CAST(0.00 AS Numeric(38, 2)), CAST(750.00 AS Numeric(38, 2)), NULL, NULL);
INSERT into orders  ( order_id ,  user_id ,  total_amount ,  payment_method ,  payment_status ,  order_status ,  recipient_at ,  address ,  phone ,  shipped_at ,  delivered_at ,  received_at ,  created_at ,  updated_at ,  paid_at ,  completed_at ,  DELIVERY_METHOD ,  SHIPPING_FEE ,  FINAL_AMOUNT ,  COUPON_ID ,  DISCOUNT ) VALUES (40, 10, CAST(700.00 AS Numeric(38, 2)), N'信用卡', N'已付款', N'已完成', N'趙後勤', N'台南市安平區後勤中心', N'0789031237', CAST(N'2025-11-14T11:00:00.0000000' AS DateTime2), CAST(N'2025-11-16T14:00:00.0000000' AS DateTime2), CAST(N'2025-11-16T18:00:00.0000000' AS DateTime2), CAST(N'2025-11-12T11:46:00.0000000' AS DateTime2), CAST(N'2025-11-16T18:15:00.0000000' AS DateTime2), CAST(N'2025-11-12T12:10:00.0000000' AS DateTime2), CAST(N'2025-11-16T18:00:00.0000000' AS DateTime2), N'宅配到府', CAST(0.00 AS Numeric(38, 2)), CAST(700.00 AS Numeric(38, 2)), NULL, NULL);
INSERT into orders  ( order_id ,  user_id ,  total_amount ,  payment_method ,  payment_status ,  order_status ,  recipient_at ,  address ,  phone ,  shipped_at ,  delivered_at ,  received_at ,  created_at ,  updated_at ,  paid_at ,  completed_at ,  DELIVERY_METHOD ,  SHIPPING_FEE ,  FINAL_AMOUNT ,  COUPON_ID ,  DISCOUNT ) VALUES (41, 2, CAST(1200.00 AS Numeric(38, 2)), N'貨到付款', N'已付款', N'已完成', N'林佳儀', N'台醫店 (006598) - 台北市中正區中山南路７號１樓', N'0971554238', CAST(N'2025-11-16T10:00:00.0000000' AS DateTime2), CAST(N'2025-11-18T09:00:00.0000000' AS DateTime2), CAST(N'2025-11-18T10:00:00.0000000' AS DateTime2), CAST(N'2025-11-15T14:48:00.0000000' AS DateTime2), CAST(N'2025-11-18T10:15:00.0000000' AS DateTime2), CAST(N'2025-11-18T10:00:00.0000000' AS DateTime2), CAST(N'2025-11-18T10:00:00.0000000' AS DateTime2), N'超商取貨', CAST(0.00 AS Numeric(38, 2)), CAST(1200.00 AS Numeric(38, 2)), NULL, NULL);
INSERT into orders  ( order_id ,  user_id ,  total_amount ,  payment_method ,  payment_status ,  order_status ,  recipient_at ,  address ,  phone ,  shipped_at ,  delivered_at ,  received_at ,  created_at ,  updated_at ,  paid_at ,  completed_at ,  DELIVERY_METHOD ,  SHIPPING_FEE ,  FINAL_AMOUNT ,  COUPON_ID ,  DISCOUNT ) VALUES (42, 9, CAST(300.00 AS Numeric(38, 2)), N'信用卡', N'已付款', N'已完成', N'林光磊', N'中壢區新生路二段', N'0789031237', CAST(N'2025-11-20T15:00:00.0000000' AS DateTime2), CAST(N'2025-11-22T10:00:00.0000000' AS DateTime2), CAST(N'2025-11-22T12:00:00.0000000' AS DateTime2), CAST(N'2025-11-18T15:59:00.0000000' AS DateTime2), CAST(N'2025-11-22T12:10:00.0000000' AS DateTime2), CAST(N'2025-11-18T16:15:00.0000000' AS DateTime2), CAST(N'2025-11-22T12:00:00.0000000' AS DateTime2), N'宅配到府', CAST(50.00 AS Numeric(38, 2)), CAST(300.00 AS Numeric(38, 2)), NULL, NULL);
INSERT into orders  ( order_id ,  user_id ,  total_amount ,  payment_method ,  payment_status ,  order_status ,  recipient_at ,  address ,  phone ,  shipped_at ,  delivered_at ,  received_at ,  created_at ,  updated_at ,  paid_at ,  completed_at ,  DELIVERY_METHOD ,  SHIPPING_FEE ,  FINAL_AMOUNT ,  COUPON_ID ,  DISCOUNT ) VALUES (1040, 4, CAST(350.00 AS Numeric(38, 2)), N'信用卡', N'已付款', N'已完成', N'張雅雯', N'台中市西屯區逢甲路', N'0940777888', CAST(N'2025-11-22T10:00:00.0000000' AS DateTime2), CAST(N'2025-11-24T11:00:00.0000000' AS DateTime2), CAST(N'2025-11-24T15:00:00.0000000' AS DateTime2), CAST(N'2025-11-20T13:55:00.0000000' AS DateTime2), CAST(N'2025-11-24T15:10:00.0000000' AS DateTime2), CAST(N'2025-11-20T14:10:00.0000000' AS DateTime2), CAST(N'2025-11-24T15:00:00.0000000' AS DateTime2), N'宅配到府', CAST(50.00 AS Numeric(38, 2)), CAST(350.00 AS Numeric(38, 2)), NULL, NULL);
INSERT into orders  ( order_id ,  user_id ,  total_amount ,  payment_method ,  payment_status ,  order_status ,  recipient_at ,  address ,  phone ,  shipped_at ,  delivered_at ,  received_at ,  created_at ,  updated_at ,  paid_at ,  completed_at ,  DELIVERY_METHOD ,  SHIPPING_FEE ,  FINAL_AMOUNT ,  COUPON_ID ,  DISCOUNT ) VALUES (1041, 2, CAST(3112.00 AS Numeric(38, 2)), N'貨到付款', N'已付款', N'已完成', N'林佳儀', N'建盛門市 (131386) - 新竹市東區建中一路52號1樓', N'0910111222', CAST(N'2025-11-23T09:00:00.0000000' AS DateTime2), CAST(N'2025-11-25T10:00:00.0000000' AS DateTime2), CAST(N'2025-11-25T14:51:00.0000000' AS DateTime2), CAST(N'2025-11-22T14:51:00.0000000' AS DateTime2), CAST(N'2025-11-25T15:00:00.0000000' AS DateTime2), CAST(N'2025-11-25T14:51:00.0000000' AS DateTime2), CAST(N'2025-11-25T14:51:00.0000000' AS DateTime2), N'宅配到府', CAST(0.00 AS Numeric(38, 2)), CAST(3112.00 AS Numeric(38, 2)), NULL, NULL);
INSERT into orders  ( order_id ,  user_id ,  total_amount ,  payment_method ,  payment_status ,  order_status ,  recipient_at ,  address ,  phone ,  shipped_at ,  delivered_at ,  received_at ,  created_at ,  updated_at ,  paid_at ,  completed_at ,  DELIVERY_METHOD ,  SHIPPING_FEE ,  FINAL_AMOUNT ,  COUPON_ID ,  DISCOUNT ) VALUES (1042, 8, CAST(400.00 AS Numeric(38, 2)), N'貨到付款', N'未付款', N'已取消', N'周小敏', N'建盛門市 (131386) - 新竹市東區建中一路52號1樓', N'0971554238', NULL, NULL, NULL, CAST(N'2025-11-25T14:58:00.0000000' AS DateTime2), CAST(N'2025-11-26T14:58:00.0000000' AS DateTime2), NULL, NULL, N'超商取貨', CAST(50.00 AS Numeric(38, 2)), CAST(450.00 AS Numeric(38, 2)), NULL, NULL);
INSERT into orders  ( order_id ,  user_id ,  total_amount ,  payment_method ,  payment_status ,  order_status ,  recipient_at ,  address ,  phone ,  shipped_at ,  delivered_at ,  received_at ,  created_at ,  updated_at ,  paid_at ,  completed_at ,  DELIVERY_METHOD ,  SHIPPING_FEE ,  FINAL_AMOUNT ,  COUPON_ID ,  DISCOUNT ) VALUES (1043, 6, CAST(350.00 AS Numeric(38, 2)), N'信用卡', N'已付款', N'已完成', N'鄭宜靜', N'新竹市東區光復路', N'0910111222', CAST(N'2025-11-30T11:00:00.0000000' AS DateTime2), CAST(N'2025-12-02T14:00:00.0000000' AS DateTime2), CAST(N'2025-12-02T18:00:00.0000000' AS DateTime2), CAST(N'2025-11-28T15:28:00.0000000' AS DateTime2), CAST(N'2025-12-02T18:10:00.0000000' AS DateTime2), CAST(N'2025-11-28T15:40:00.0000000' AS DateTime2), CAST(N'2025-12-02T18:00:00.0000000' AS DateTime2), N'宅配到府', CAST(0.00 AS Numeric(38, 2)), CAST(350.00 AS Numeric(38, 2)), NULL, NULL);
INSERT into orders  ( order_id ,  user_id ,  total_amount ,  payment_method ,  payment_status ,  order_status ,  recipient_at ,  address ,  phone ,  shipped_at ,  delivered_at ,  received_at ,  created_at ,  updated_at ,  paid_at ,  completed_at ,  DELIVERY_METHOD ,  SHIPPING_FEE ,  FINAL_AMOUNT ,  COUPON_ID ,  DISCOUNT ) VALUES (1044, 1, CAST(300.00 AS Numeric(38, 2)), N'貨到付款', N'未付款', N'已取消', N'陳總管理', N'建盛門市 (131386) - 新竹市東區建中一路52號1樓', N'0940777888', NULL, NULL, NULL, CAST(N'2025-11-29T15:30:00.0000000' AS DateTime2), CAST(N'2025-11-30T10:00:00.0000000' AS DateTime2), NULL, NULL, N'超商取貨', CAST(50.00 AS Numeric(38, 2)), CAST(350.00 AS Numeric(38, 2)), NULL, NULL);
INSERT into orders  ( order_id ,  user_id ,  total_amount ,  payment_method ,  payment_status ,  order_status ,  recipient_at ,  address ,  phone ,  shipped_at ,  delivered_at ,  received_at ,  created_at ,  updated_at ,  paid_at ,  completed_at ,  DELIVERY_METHOD ,  SHIPPING_FEE ,  FINAL_AMOUNT ,  COUPON_ID ,  DISCOUNT ) VALUES (1045, 9, CAST(300.00 AS Numeric(38, 2)), N'信用卡', N'已付款', N'已完成', N'林光磊', N'花蓮縣吉安鄉中央路', N'0971554238', CAST(N'2025-12-02T13:00:00.0000000' AS DateTime2), CAST(N'2025-12-04T15:00:00.0000000' AS DateTime2), CAST(N'2025-12-04T20:00:00.0000000' AS DateTime2), CAST(N'2025-11-30T15:32:00.0000000' AS DateTime2), CAST(N'2025-12-04T20:10:00.0000000' AS DateTime2), CAST(N'2025-11-30T15:45:00.0000000' AS DateTime2), CAST(N'2025-12-04T20:00:00.0000000' AS DateTime2), N'宅配到府', CAST(50.00 AS Numeric(38, 2)), CAST(350.00 AS Numeric(38, 2)), NULL, NULL);
INSERT into orders  ( order_id ,  user_id ,  total_amount ,  payment_method ,  payment_status ,  order_status ,  recipient_at ,  address ,  phone ,  shipped_at ,  delivered_at ,  received_at ,  created_at ,  updated_at ,  paid_at ,  completed_at ,  DELIVERY_METHOD ,  SHIPPING_FEE ,  FINAL_AMOUNT ,  COUPON_ID ,  DISCOUNT ) VALUES (1046, 3, CAST(300.00 AS Numeric(38, 2)), N'貨到付款', N'已付款', N'已完成', N'王黑名', N'北市杭州店 (2001) - 台北市大安區杭州南路二段５號', N'0910111222', CAST(N'2025-12-03T10:00:00.0000000' AS DateTime2), CAST(N'2025-12-05T09:00:00.0000000' AS DateTime2), CAST(N'2025-12-05T10:00:00.0000000' AS DateTime2), CAST(N'2025-12-02T15:33:00.0000000' AS DateTime2), CAST(N'2025-12-05T10:15:00.0000000' AS DateTime2), CAST(N'2025-12-05T10:00:00.0000000' AS DateTime2), CAST(N'2025-12-05T10:00:00.0000000' AS DateTime2), N'超商取貨', CAST(50.00 AS Numeric(38, 2)), CAST(350.00 AS Numeric(38, 2)), NULL, NULL);
INSERT into orders  ( order_id ,  user_id ,  total_amount ,  payment_method ,  payment_status ,  order_status ,  recipient_at ,  address ,  phone ,  shipped_at ,  delivered_at ,  received_at ,  created_at ,  updated_at ,  paid_at ,  completed_at ,  DELIVERY_METHOD ,  SHIPPING_FEE ,  FINAL_AMOUNT ,  COUPON_ID ,  DISCOUNT ) VALUES (1047, 5, CAST(750.00 AS Numeric(38, 2)), N'貨到付款', N'未付款', N'已取消', N'李國豪', N'建盛門市 (131386) - 新竹市東區建中一路52號1樓', N'0000111245', NULL, NULL, NULL, CAST(N'2025-12-04T11:25:00.0000000' AS DateTime2), CAST(N'2025-12-05T11:25:00.0000000' AS DateTime2), NULL, NULL, N'超商取貨', CAST(0.00 AS Numeric(38, 2)), CAST(750.00 AS Numeric(38, 2)), NULL, NULL);
INSERT into orders  ( order_id ,  user_id ,  total_amount ,  payment_method ,  payment_status ,  order_status ,  recipient_at ,  address ,  phone ,  shipped_at ,  delivered_at ,  received_at ,  created_at ,  updated_at ,  paid_at ,  completed_at ,  DELIVERY_METHOD ,  SHIPPING_FEE ,  FINAL_AMOUNT ,  COUPON_ID ,  DISCOUNT ) VALUES (1048, 10, CAST(350.00 AS Numeric(38, 2)), N'信用卡', N'已付款', N'已完成', N'趙後勤', N'台南市安平區後勤中心', N'0910111222', CAST(N'2025-12-05T09:00:00.0000000' AS DateTime2), CAST(N'2025-12-07T11:00:00.0000000' AS DateTime2), CAST(N'2025-12-07T16:00:00.0000000' AS DateTime2), CAST(N'2025-12-04T11:27:00.0000000' AS DateTime2), CAST(N'2025-12-07T16:15:00.0000000' AS DateTime2), CAST(N'2025-12-07T16:00:00.0000000' AS DateTime2), CAST(N'2025-12-07T16:00:00.0000000' AS DateTime2), N'宅配到府', CAST(0.00 AS Numeric(38, 2)), CAST(350.00 AS Numeric(38, 2)), NULL, NULL);
INSERT into orders  ( order_id ,  user_id ,  total_amount ,  payment_method ,  payment_status ,  order_status ,  recipient_at ,  address ,  phone ,  shipped_at ,  delivered_at ,  received_at ,  created_at ,  updated_at ,  paid_at ,  completed_at ,  DELIVERY_METHOD ,  SHIPPING_FEE ,  FINAL_AMOUNT ,  COUPON_ID ,  DISCOUNT ) VALUES (1049, 7, CAST(700.00 AS Numeric(38, 2)), N'信用卡', N'已付款', N'已完成', N'許志明', N'台北市大安區復興南路', N'0940777888', CAST(N'2025-12-08T14:00:00.0000000' AS DateTime2), CAST(N'2025-12-10T15:00:00.0000000' AS DateTime2), CAST(N'2025-12-10T19:00:00.0000000' AS DateTime2), CAST(N'2025-12-06T11:50:00.0000000' AS DateTime2), CAST(N'2025-12-10T19:10:00.0000000' AS DateTime2), CAST(N'2025-12-06T12:05:00.0000000' AS DateTime2), CAST(N'2025-12-10T19:00:00.0000000' AS DateTime2), N'宅配到府', NULL, NULL, NULL, NULL);
INSERT into orders  ( order_id ,  user_id ,  total_amount ,  payment_method ,  payment_status ,  order_status ,  recipient_at ,  address ,  phone ,  shipped_at ,  delivered_at ,  received_at ,  created_at ,  updated_at ,  paid_at ,  completed_at ,  DELIVERY_METHOD ,  SHIPPING_FEE ,  FINAL_AMOUNT ,  COUPON_ID ,  DISCOUNT ) VALUES (1050, 1, CAST(1000.00 AS Numeric(38, 2)), N'貨到付款', N'已付款', N'已完成', N'陳總管理', N'北市杭州店 (2001) - 台北市大安區杭州南路二段５號', N'0910111222', CAST(N'2025-12-09T10:00:00.0000000' AS DateTime2), CAST(N'2025-12-11T09:00:00.0000000' AS DateTime2), CAST(N'2025-12-11T11:52:00.0000000' AS DateTime2), CAST(N'2025-12-08T11:52:00.0000000' AS DateTime2), CAST(N'2025-12-11T12:00:00.0000000' AS DateTime2), CAST(N'2025-12-11T11:52:00.0000000' AS DateTime2), CAST(N'2025-12-11T11:52:00.0000000' AS DateTime2), N'超商取貨', CAST(0.00 AS Numeric(38, 2)), CAST(1000.00 AS Numeric(38, 2)), NULL, NULL);
INSERT into orders  ( order_id ,  user_id ,  total_amount ,  payment_method ,  payment_status ,  order_status ,  recipient_at ,  address ,  phone ,  shipped_at ,  delivered_at ,  received_at ,  created_at ,  updated_at ,  paid_at ,  completed_at ,  DELIVERY_METHOD ,  SHIPPING_FEE ,  FINAL_AMOUNT ,  COUPON_ID ,  DISCOUNT ) VALUES (1051, 5, CAST(400.00 AS Numeric(38, 2)), N'信用卡', N'已付款', N'已完成', N'李國豪', N'台南市東區成功路', N'0918682711', CAST(N'2025-12-12T11:00:00.0000000' AS DateTime2), CAST(N'2025-12-14T14:00:00.0000000' AS DateTime2), CAST(N'2025-12-14T18:00:00.0000000' AS DateTime2), CAST(N'2025-12-10T13:41:00.0000000' AS DateTime2), CAST(N'2025-12-14T18:15:00.0000000' AS DateTime2), CAST(N'2025-12-10T13:55:00.0000000' AS DateTime2), CAST(N'2025-12-14T18:00:00.0000000' AS DateTime2), N'宅配到府', CAST(50.00 AS Numeric(38, 2)), CAST(450.00 AS Numeric(38, 2)), NULL, NULL);
INSERT into orders  ( order_id ,  user_id ,  total_amount ,  payment_method ,  payment_status ,  order_status ,  recipient_at ,  address ,  phone ,  shipped_at ,  delivered_at ,  received_at ,  created_at ,  updated_at ,  paid_at ,  completed_at ,  DELIVERY_METHOD ,  SHIPPING_FEE ,  FINAL_AMOUNT ,  COUPON_ID ,  DISCOUNT ) VALUES (1052, 2, CAST(400.00 AS Numeric(38, 2)), N'貨到付款', N'已付款', N'已完成', N'李國豪', N'建盛門市 (131386) - 新竹市東區建中一路52號1樓', N'0910111222', CAST(N'2025-12-13T11:00:00.0000000' AS DateTime2), CAST(N'2025-12-15T10:00:00.0000000' AS DateTime2), CAST(N'2025-12-15T14:30:00.0000000' AS DateTime2), CAST(N'2025-12-12T14:30:00.0000000' AS DateTime2), CAST(N'2025-12-15T14:40:00.0000000' AS DateTime2), CAST(N'2025-12-15T14:30:00.0000000' AS DateTime2), CAST(N'2025-12-15T14:30:00.0000000' AS DateTime2), N'宅配到府', CAST(50.00 AS Numeric(38, 2)), CAST(450.00 AS Numeric(38, 2)), NULL, NULL);
INSERT into orders  ( order_id ,  user_id ,  total_amount ,  payment_method ,  payment_status ,  order_status ,  recipient_at ,  address ,  phone ,  shipped_at ,  delivered_at ,  received_at ,  created_at ,  updated_at ,  paid_at ,  completed_at ,  DELIVERY_METHOD ,  SHIPPING_FEE ,  FINAL_AMOUNT ,  COUPON_ID ,  DISCOUNT ) VALUES (1053, 4, CAST(1100.00 AS Numeric(38, 2)), N'信用卡', N'已付款', N'已完成', N'林佳儀', N'台中市西屯區逢甲路', N'0918682711', CAST(N'2025-12-17T15:00:00.0000000' AS DateTime2), CAST(N'2025-12-19T10:00:00.0000000' AS DateTime2), CAST(N'2025-12-19T12:00:00.0000000' AS DateTime2), CAST(N'2025-12-15T14:39:00.0000000' AS DateTime2), CAST(N'2025-12-19T12:10:00.0000000' AS DateTime2), CAST(N'2025-12-15T14:55:00.0000000' AS DateTime2), CAST(N'2025-12-19T12:00:00.0000000' AS DateTime2), N'宅配到府', CAST(0.00 AS Numeric(38, 2)), CAST(1100.00 AS Numeric(38, 2)), NULL, NULL);
INSERT into orders  ( order_id ,  user_id ,  total_amount ,  payment_method ,  payment_status ,  order_status ,  recipient_at ,  address ,  phone ,  shipped_at ,  delivered_at ,  received_at ,  created_at ,  updated_at ,  paid_at ,  completed_at ,  DELIVERY_METHOD ,  SHIPPING_FEE ,  FINAL_AMOUNT ,  COUPON_ID ,  DISCOUNT ) VALUES (1054, 9, CAST(400.00 AS Numeric(38, 2)), N'信用卡', N'已付款', N'已完成', N'張雅雯', N'花蓮縣吉安鄉中央路', N'0940777888', CAST(N'2025-12-19T14:00:00.0000000' AS DateTime2), CAST(N'2025-12-21T11:00:00.0000000' AS DateTime2), CAST(N'2025-12-21T16:00:00.0000000' AS DateTime2), CAST(N'2025-12-17T15:00:00.0000000' AS DateTime2), CAST(N'2025-12-21T16:15:00.0000000' AS DateTime2), CAST(N'2025-12-17T15:20:00.0000000' AS DateTime2), CAST(N'2025-12-21T16:00:00.0000000' AS DateTime2), N'宅配到府', CAST(50.00 AS Numeric(38, 2)), CAST(450.00 AS Numeric(38, 2)), NULL, NULL);
INSERT into orders  ( order_id ,  user_id ,  total_amount ,  payment_method ,  payment_status ,  order_status ,  recipient_at ,  address ,  phone ,  shipped_at ,  delivered_at ,  received_at ,  created_at ,  updated_at ,  paid_at ,  completed_at ,  DELIVERY_METHOD ,  SHIPPING_FEE ,  FINAL_AMOUNT ,  COUPON_ID ,  DISCOUNT ) VALUES (1055, 7, CAST(350.00 AS Numeric(38, 2)), N'信用卡', N'已付款', N'已完成', N'林光磊', N'台北市大安區復興南路', N'0918682711', CAST(N'2025-12-21T11:00:00.0000000' AS DateTime2), CAST(N'2025-12-23T14:00:00.0000000' AS DateTime2), CAST(N'2025-12-23T18:00:00.0000000' AS DateTime2), CAST(N'2025-12-19T15:03:00.0000000' AS DateTime2), CAST(N'2025-12-23T18:15:00.0000000' AS DateTime2), CAST(N'2025-12-19T15:15:00.0000000' AS DateTime2), CAST(N'2025-12-23T18:00:00.0000000' AS DateTime2), N'宅配到府', CAST(50.00 AS Numeric(38, 2)), CAST(400.00 AS Numeric(38, 2)), NULL, NULL);
INSERT into orders  ( order_id ,  user_id ,  total_amount ,  payment_method ,  payment_status ,  order_status ,  recipient_at ,  address ,  phone ,  shipped_at ,  delivered_at ,  received_at ,  created_at ,  updated_at ,  paid_at ,  completed_at ,  DELIVERY_METHOD ,  SHIPPING_FEE ,  FINAL_AMOUNT ,  COUPON_ID ,  DISCOUNT ) VALUES (1056, 5, CAST(1631.00 AS Numeric(38, 2)), N'信用卡', N'已付款', N'已完成', N'許志明', N'台南市東區成功路', N'0918682711', CAST(N'2025-12-23T10:00:00.0000000' AS DateTime2), CAST(N'2025-12-25T11:00:00.0000000' AS DateTime2), CAST(N'2025-12-25T15:00:00.0000000' AS DateTime2), CAST(N'2025-12-21T09:07:00.0000000' AS DateTime2), CAST(N'2025-12-25T15:10:00.0000000' AS DateTime2), CAST(N'2025-12-21T09:20:00.0000000' AS DateTime2), CAST(N'2025-12-25T15:00:00.0000000' AS DateTime2), N'宅配到府', CAST(0.00 AS Numeric(38, 2)), CAST(1631.00 AS Numeric(38, 2)), NULL, NULL);
INSERT into orders  ( order_id ,  user_id ,  total_amount ,  payment_method ,  payment_status ,  order_status ,  recipient_at ,  address ,  phone ,  shipped_at ,  delivered_at ,  received_at ,  created_at ,  updated_at ,  paid_at ,  completed_at ,  DELIVERY_METHOD ,  SHIPPING_FEE ,  FINAL_AMOUNT ,  COUPON_ID ,  DISCOUNT ) VALUES (1057, 4, CAST(300.00 AS Numeric(38, 2)), N'信用卡', N'已付款', N'已完成', N'李國豪', N'台中市西屯區逢甲路', N'0918682711', CAST(N'2025-12-24T11:00:00.0000000' AS DateTime2), CAST(N'2025-12-26T14:00:00.0000000' AS DateTime2), CAST(N'2025-12-26T18:00:00.0000000' AS DateTime2), CAST(N'2025-12-22T09:13:00.0000000' AS DateTime2), CAST(N'2025-12-26T18:15:00.0000000' AS DateTime2), CAST(N'2025-12-22T09:30:00.0000000' AS DateTime2), CAST(N'2025-12-26T18:00:00.0000000' AS DateTime2), N'宅配到府', CAST(50.00 AS Numeric(38, 2)), CAST(350.00 AS Numeric(38, 2)), NULL, NULL);
INSERT into orders  ( order_id ,  user_id ,  total_amount ,  payment_method ,  payment_status ,  order_status ,  recipient_at ,  address ,  phone ,  shipped_at ,  delivered_at ,  received_at ,  created_at ,  updated_at ,  paid_at ,  completed_at ,  DELIVERY_METHOD ,  SHIPPING_FEE ,  FINAL_AMOUNT ,  COUPON_ID ,  DISCOUNT ) VALUES (1058, 8, CAST(350.00 AS Numeric(38, 2)), N'信用卡', N'已付款', N'已取消', N'張雅雯', N'高雄市苓雅區光華路', N'0918682711', NULL, NULL, NULL, CAST(N'2025-12-23T11:12:00.0000000' AS DateTime2), CAST(N'2025-12-24T10:00:00.0000000' AS DateTime2), CAST(N'2025-12-23T11:30:00.0000000' AS DateTime2), NULL, N'宅配到府', CAST(50.00 AS Numeric(38, 2)), CAST(400.00 AS Numeric(38, 2)), NULL, NULL);
INSERT into orders  ( order_id ,  user_id ,  total_amount ,  payment_method ,  payment_status ,  order_status ,  recipient_at ,  address ,  phone ,  shipped_at ,  delivered_at ,  received_at ,  created_at ,  updated_at ,  paid_at ,  completed_at ,  DELIVERY_METHOD ,  SHIPPING_FEE ,  FINAL_AMOUNT ,  COUPON_ID ,  DISCOUNT ) VALUES (1059, 9, CAST(650.00 AS Numeric(38, 2)), N'信用卡', N'已付款', N'已完成', N'張雅雯', N'台中市西屯區逢甲路', N'0940777888', CAST(N'2025-12-25T15:00:00.0000000' AS DateTime2), CAST(N'2025-12-27T10:00:00.0000000' AS DateTime2), CAST(N'2025-12-27T12:00:00.0000000' AS DateTime2), CAST(N'2025-12-23T13:33:00.0000000' AS DateTime2), CAST(N'2025-12-27T12:10:00.0000000' AS DateTime2), CAST(N'2025-12-23T13:50:00.0000000' AS DateTime2), CAST(N'2025-12-27T12:00:00.0000000' AS DateTime2), N'宅配到府', CAST(50.00 AS Numeric(38, 2)), CAST(700.00 AS Numeric(38, 2)), NULL, NULL);
INSERT into orders  ( order_id ,  user_id ,  total_amount ,  payment_method ,  payment_status ,  order_status ,  recipient_at ,  address ,  phone ,  shipped_at ,  delivered_at ,  received_at ,  created_at ,  updated_at ,  paid_at ,  completed_at ,  DELIVERY_METHOD ,  SHIPPING_FEE ,  FINAL_AMOUNT ,  COUPON_ID ,  DISCOUNT ) VALUES (1060, 2, CAST(700.00 AS Numeric(38, 2)), N'信用卡', N'已付款', N'已完成', N'周小敏', N'桃園市中壢區中大路1號', N'0918682711', CAST(N'2025-12-26T10:00:00.0000000' AS DateTime2), CAST(N'2025-12-28T11:00:00.0000000' AS DateTime2), CAST(N'2025-12-28T16:00:00.0000000' AS DateTime2), CAST(N'2025-12-24T09:10:00.0000000' AS DateTime2), CAST(N'2025-12-28T16:15:00.0000000' AS DateTime2), CAST(N'2025-12-24T09:25:00.0000000' AS DateTime2), CAST(N'2025-12-28T16:00:00.0000000' AS DateTime2), N'宅配到府', CAST(50.00 AS Numeric(38, 2)), CAST(700.00 AS Numeric(38, 2)), NULL, CAST(50.00 AS Numeric(38, 2)));
INSERT into orders  ( order_id ,  user_id ,  total_amount ,  payment_method ,  payment_status ,  order_status ,  recipient_at ,  address ,  phone ,  shipped_at ,  delivered_at ,  received_at ,  created_at ,  updated_at ,  paid_at ,  completed_at ,  DELIVERY_METHOD ,  SHIPPING_FEE ,  FINAL_AMOUNT ,  COUPON_ID ,  DISCOUNT ) VALUES (1061, 1, CAST(350.00 AS Numeric(38, 2)), N'信用卡', N'已付款', N'已完成', N'林光磊', N'台北市信義區管理中心', N'0918682711', CAST(N'2025-12-27T14:00:00.0000000' AS DateTime2), CAST(N'2025-12-29T15:00:00.0000000' AS DateTime2), CAST(N'2025-12-29T19:00:00.0000000' AS DateTime2), CAST(N'2025-12-25T10:58:00.0000000' AS DateTime2), CAST(N'2025-12-29T19:10:00.0000000' AS DateTime2), CAST(N'2025-12-25T11:15:00.0000000' AS DateTime2), CAST(N'2025-12-29T19:00:00.0000000' AS DateTime2), N'宅配到府', CAST(50.00 AS Numeric(38, 2)), CAST(400.00 AS Numeric(38, 2)), NULL, NULL);
INSERT into orders  ( order_id ,  user_id ,  total_amount ,  payment_method ,  payment_status ,  order_status ,  recipient_at ,  address ,  phone ,  shipped_at ,  delivered_at ,  received_at ,  created_at ,  updated_at ,  paid_at ,  completed_at ,  DELIVERY_METHOD ,  SHIPPING_FEE ,  FINAL_AMOUNT ,  COUPON_ID ,  DISCOUNT ) VALUES (1062, 4, CAST(350.00 AS Numeric(38, 2)), N'貨到付款', N'未付款', N'已完成', N'林佳儀', N'北市杭州店 (2001) - 台北市大安區杭州南路二段５號', N'0918682711', CAST(N'2025-12-27T10:00:00.0000000' AS DateTime2), CAST(N'2025-12-29T09:00:00.0000000' AS DateTime2), CAST(N'2025-12-29T10:00:00.0000000' AS DateTime2), CAST(N'2025-12-26T14:16:00.0000000' AS DateTime2), CAST(N'2025-12-29T10:15:00.0000000' AS DateTime2), CAST(N'2025-12-29T10:00:00.0000000' AS DateTime2), CAST(N'2025-12-29T10:00:00.0000000' AS DateTime2), N'超商取貨', CAST(0.00 AS Numeric(38, 2)), CAST(350.00 AS Numeric(38, 2)), NULL, NULL);
INSERT into orders  ( order_id ,  user_id ,  total_amount ,  payment_method ,  payment_status ,  order_status ,  recipient_at ,  address ,  phone ,  shipped_at ,  delivered_at ,  received_at ,  created_at ,  updated_at ,  paid_at ,  completed_at ,  DELIVERY_METHOD ,  SHIPPING_FEE ,  FINAL_AMOUNT ,  COUPON_ID ,  DISCOUNT ) VALUES (1063, 5, CAST(300.00 AS Numeric(38, 2)), N'信用卡', N'已付款', N'已完成', N'陳總管理', N'北市杭州店 (2001) - 台北市大安區杭州南路二段５號', N'0939554778', CAST(N'2025-12-29T11:00:00.0000000' AS DateTime2), CAST(N'2025-12-31T14:00:00.0000000' AS DateTime2), CAST(N'2025-12-31T18:00:00.0000000' AS DateTime2), CAST(N'2025-12-27T14:29:00.0000000' AS DateTime2), CAST(N'2025-12-31T18:15:00.0000000' AS DateTime2), CAST(N'2025-12-27T14:45:00.0000000' AS DateTime2), CAST(N'2025-12-31T18:00:00.0000000' AS DateTime2), N'超商取貨', CAST(50.00 AS Numeric(38, 2)), CAST(350.00 AS Numeric(38, 2)), NULL, NULL);
INSERT into orders  ( order_id ,  user_id ,  total_amount ,  payment_method ,  payment_status ,  order_status ,  recipient_at ,  address ,  phone ,  shipped_at ,  delivered_at ,  received_at ,  created_at ,  updated_at ,  paid_at ,  completed_at ,  DELIVERY_METHOD ,  SHIPPING_FEE ,  FINAL_AMOUNT ,  COUPON_ID ,  DISCOUNT ) VALUES (1064, 6, CAST(300.00 AS Numeric(38, 2)), N'信用卡', N'已付款', N'已完成', N'張雅雯', N'建盛門市 (131386) - 新竹市東區建中一路52號1樓', N'0918682711', CAST(N'2025-12-30T15:00:00.0000000' AS DateTime2), CAST(N'2026-01-01T10:00:00.0000000' AS DateTime2), CAST(N'2026-01-01T12:00:00.0000000' AS DateTime2), CAST(N'2025-12-28T14:37:00.0000000' AS DateTime2), CAST(N'2026-01-01T12:10:00.0000000' AS DateTime2), CAST(N'2025-12-28T14:55:00.0000000' AS DateTime2), CAST(N'2026-01-01T12:00:00.0000000' AS DateTime2), N'超商取貨', CAST(50.00 AS Numeric(38, 2)), CAST(350.00 AS Numeric(38, 2)), NULL, NULL);
INSERT into orders  ( order_id ,  user_id ,  total_amount ,  payment_method ,  payment_status ,  order_status ,  recipient_at ,  address ,  phone ,  shipped_at ,  delivered_at ,  received_at ,  created_at ,  updated_at ,  paid_at ,  completed_at ,  DELIVERY_METHOD ,  SHIPPING_FEE ,  FINAL_AMOUNT ,  COUPON_ID ,  DISCOUNT ) VALUES (1065, 8, CAST(300.00 AS Numeric(38, 2)), N'貨到付款', N'未付款', N'已完成', N'李國豪', N'北市杭州店 (2001) - 台北市大安區杭州南路二段５號', N'0939554778', CAST(N'2025-12-30T10:00:00.0000000' AS DateTime2), CAST(N'2026-01-01T09:00:00.0000000' AS DateTime2), CAST(N'2026-01-01T11:00:00.0000000' AS DateTime2), CAST(N'2025-12-29T14:51:00.0000000' AS DateTime2), CAST(N'2026-01-01T11:15:00.0000000' AS DateTime2), CAST(N'2026-01-01T11:00:00.0000000' AS DateTime2), CAST(N'2026-01-01T11:00:00.0000000' AS DateTime2), N'超商取貨', CAST(50.00 AS Numeric(38, 2)), CAST(350.00 AS Numeric(38, 2)), NULL, NULL);
INSERT into orders  ( order_id ,  user_id ,  total_amount ,  payment_method ,  payment_status ,  order_status ,  recipient_at ,  address ,  phone ,  shipped_at ,  delivered_at ,  received_at ,  created_at ,  updated_at ,  paid_at ,  completed_at ,  DELIVERY_METHOD ,  SHIPPING_FEE ,  FINAL_AMOUNT ,  COUPON_ID ,  DISCOUNT ) VALUES (1066, 10, CAST(350.00 AS Numeric(38, 2)), N'信用卡', N'已付款', N'已取消', N'鄭宜靜', N'建盛門市 (131386) - 新竹市東區建中一路52號1樓', N'0918682711', NULL, NULL, NULL, CAST(N'2025-12-30T14:55:00.0000000' AS DateTime2), CAST(N'2025-12-31T10:00:00.0000000' AS DateTime2), CAST(N'2025-12-30T15:10:00.0000000' AS DateTime2), NULL, N'超商取貨', CAST(0.00 AS Numeric(38, 2)), CAST(350.00 AS Numeric(38, 2)), NULL, NULL);
INSERT into orders  ( order_id ,  user_id ,  total_amount ,  payment_method ,  payment_status ,  order_status ,  recipient_at ,  address ,  phone ,  shipped_at ,  delivered_at ,  received_at ,  created_at ,  updated_at ,  paid_at ,  completed_at ,  DELIVERY_METHOD ,  SHIPPING_FEE ,  FINAL_AMOUNT ,  COUPON_ID ,  DISCOUNT ) VALUES (1067, 1, CAST(350.00 AS Numeric(38, 2)), N'信用卡', N'已付款', N'已取消', N'周小敏', N'建盛門市 (131386) - 新竹市東區建中一路52號1樓', N'0939554778', CAST(N'2026-01-03T14:00:00.0000000' AS DateTime2), CAST(N'2026-01-05T11:00:00.0000000' AS DateTime2), CAST(N'2026-01-05T16:00:00.0000000' AS DateTime2), CAST(N'2026-01-01T15:04:00.0000000' AS DateTime2), CAST(N'2026-01-31T11:30:40.6120000' AS DateTime2), CAST(N'2026-01-01T15:20:00.0000000' AS DateTime2), CAST(N'2026-01-05T16:00:00.0000000' AS DateTime2), N'超商取貨', CAST(0.00 AS Numeric(38, 2)), CAST(350.00 AS Numeric(38, 2)), NULL, NULL);
INSERT into orders  ( order_id ,  user_id ,  total_amount ,  payment_method ,  payment_status ,  order_status ,  recipient_at ,  address ,  phone ,  shipped_at ,  delivered_at ,  received_at ,  created_at ,  updated_at ,  paid_at ,  completed_at ,  DELIVERY_METHOD ,  SHIPPING_FEE ,  FINAL_AMOUNT ,  COUPON_ID ,  DISCOUNT ) VALUES (1068, 2, CAST(350.00 AS Numeric(38, 2)), N'信用卡', N'已付款', N'已完成', N'趙後勤', N'台醫店 (006598) - 台北市中正區中山南路７號１樓', N'0918682711', CAST(N'2026-01-04T11:00:00.0000000' AS DateTime2), CAST(N'2026-01-06T14:00:00.0000000' AS DateTime2), CAST(N'2026-01-06T18:00:00.0000000' AS DateTime2), CAST(N'2026-01-02T15:12:00.0000000' AS DateTime2), CAST(N'2026-01-06T18:15:00.0000000' AS DateTime2), CAST(N'2026-01-02T15:30:00.0000000' AS DateTime2), CAST(N'2026-01-06T18:00:00.0000000' AS DateTime2), N'超商取貨', CAST(0.00 AS Numeric(38, 2)), CAST(350.00 AS Numeric(38, 2)), NULL, NULL);
INSERT into orders  ( order_id ,  user_id ,  total_amount ,  payment_method ,  payment_status ,  order_status ,  recipient_at ,  address ,  phone ,  shipped_at ,  delivered_at ,  received_at ,  created_at ,  updated_at ,  paid_at ,  completed_at ,  DELIVERY_METHOD ,  SHIPPING_FEE ,  FINAL_AMOUNT ,  COUPON_ID ,  DISCOUNT ) VALUES (1069, 4, CAST(1250.00 AS Numeric(38, 2)), N'信用卡', N'已付款', N'已完成', N'陳總管理', N'建盛門市 (131386) - 新竹市東區建中一路52號1樓', N'0918682711', CAST(N'2026-01-05T15:00:00.0000000' AS DateTime2), CAST(N'2026-01-07T10:00:00.0000000' AS DateTime2), CAST(N'2026-01-07T12:00:00.0000000' AS DateTime2), CAST(N'2026-01-03T15:19:00.0000000' AS DateTime2), CAST(N'2026-01-13T11:40:56.8380000' AS DateTime2), CAST(N'2026-01-03T15:40:00.0000000' AS DateTime2), CAST(N'2026-01-07T12:00:00.0000000' AS DateTime2), N'超商取貨', CAST(0.00 AS Numeric(38, 2)), CAST(1240.00 AS Numeric(38, 2)), 7, CAST(10.00 AS Numeric(38, 2)));
INSERT into orders  ( order_id ,  user_id ,  total_amount ,  payment_method ,  payment_status ,  order_status ,  recipient_at ,  address ,  phone ,  shipped_at ,  delivered_at ,  received_at ,  created_at ,  updated_at ,  paid_at ,  completed_at ,  DELIVERY_METHOD ,  SHIPPING_FEE ,  FINAL_AMOUNT ,  COUPON_ID ,  DISCOUNT ) VALUES (1070, 7, CAST(1231.00 AS Numeric(38, 2)), N'信用卡', N'已付款', N'已完成', N'林佳儀', N'北市杭州店 (2001) - 台北市大安區杭州南路二段５號', N'0990707808', CAST(N'2026-01-06T14:00:00.0000000' AS DateTime2), CAST(N'2026-01-08T11:00:00.0000000' AS DateTime2), CAST(N'2026-01-08T16:00:00.0000000' AS DateTime2), CAST(N'2026-01-04T15:24:00.0000000' AS DateTime2), CAST(N'2026-01-08T16:15:00.0000000' AS DateTime2), CAST(N'2026-01-04T15:45:00.0000000' AS DateTime2), CAST(N'2026-01-08T16:00:00.0000000' AS DateTime2), N'超商取貨', CAST(0.00 AS Numeric(38, 2)), CAST(1231.00 AS Numeric(38, 2)), NULL, NULL);
INSERT into orders  ( order_id ,  user_id ,  total_amount ,  payment_method ,  payment_status ,  order_status ,  recipient_at ,  address ,  phone ,  shipped_at ,  delivered_at ,  received_at ,  created_at ,  updated_at ,  paid_at ,  completed_at ,  DELIVERY_METHOD ,  SHIPPING_FEE ,  FINAL_AMOUNT ,  COUPON_ID ,  DISCOUNT ) VALUES (1071, 5, CAST(1231.00 AS Numeric(38, 2)), N'貨到付款', N'已付款', N'已完成', N'張雅雯', N'澎湖百利店 (017623) - 澎湖縣馬公市新店路４５９號一樓', N'0918682711', CAST(N'2026-01-06T11:00:00.0000000' AS DateTime2), CAST(N'2026-01-08T10:00:00.0000000' AS DateTime2), CAST(N'2026-01-08T14:00:00.0000000' AS DateTime2), CAST(N'2026-01-05T15:35:00.0000000' AS DateTime2), CAST(N'2026-01-08T14:15:00.0000000' AS DateTime2), CAST(N'2026-01-08T14:00:00.0000000' AS DateTime2), CAST(N'2026-01-08T14:00:00.0000000' AS DateTime2), N'超商取貨', CAST(0.00 AS Numeric(38, 2)), CAST(1231.00 AS Numeric(38, 2)), NULL, NULL);
INSERT into orders  ( order_id ,  user_id ,  total_amount ,  payment_method ,  payment_status ,  order_status ,  recipient_at ,  address ,  phone ,  shipped_at ,  delivered_at ,  received_at ,  created_at ,  updated_at ,  paid_at ,  completed_at ,  DELIVERY_METHOD ,  SHIPPING_FEE ,  FINAL_AMOUNT ,  COUPON_ID ,  DISCOUNT ) VALUES (1072, 8, CAST(350.00 AS Numeric(38, 2)), N'貨到付款', N'已付款', N'已完成', N'許志明', N'建盛門市 (131386) - 新竹市東區建中一路52號1樓', N'0990707808', CAST(N'2026-01-07T13:00:00.0000000' AS DateTime2), CAST(N'2026-01-09T11:00:00.0000000' AS DateTime2), CAST(N'2026-01-09T15:00:00.0000000' AS DateTime2), CAST(N'2026-01-06T15:42:00.0000000' AS DateTime2), CAST(N'2026-01-09T15:15:00.0000000' AS DateTime2), CAST(N'2026-01-09T15:00:00.0000000' AS DateTime2), CAST(N'2026-01-09T15:00:00.0000000' AS DateTime2), N'超商取貨', CAST(0.00 AS Numeric(38, 2)), CAST(350.00 AS Numeric(38, 2)), NULL, NULL);
INSERT into orders  ( order_id ,  user_id ,  total_amount ,  payment_method ,  payment_status ,  order_status ,  recipient_at ,  address ,  phone ,  shipped_at ,  delivered_at ,  received_at ,  created_at ,  updated_at ,  paid_at ,  completed_at ,  DELIVERY_METHOD ,  SHIPPING_FEE ,  FINAL_AMOUNT ,  COUPON_ID ,  DISCOUNT ) VALUES (1073, 9, CAST(350.00 AS Numeric(38, 2)), N'貨到付款', N'已付款', N'已完成', N'李國豪', N'建盛門市 (131386) - 新竹市東區建中一路52號1樓', N'0918682711', CAST(N'2026-01-08T14:00:00.0000000' AS DateTime2), CAST(N'2026-01-10T12:00:00.0000000' AS DateTime2), CAST(N'2026-01-10T16:00:00.0000000' AS DateTime2), CAST(N'2026-01-07T15:44:00.0000000' AS DateTime2), CAST(N'2026-01-10T16:15:00.0000000' AS DateTime2), CAST(N'2026-01-10T16:00:00.0000000' AS DateTime2), CAST(N'2026-01-10T16:00:00.0000000' AS DateTime2), N'超商取貨', CAST(0.00 AS Numeric(38, 2)), CAST(350.00 AS Numeric(38, 2)), NULL, NULL);
INSERT into orders  ( order_id ,  user_id ,  total_amount ,  payment_method ,  payment_status ,  order_status ,  recipient_at ,  address ,  phone ,  shipped_at ,  delivered_at ,  received_at ,  created_at ,  updated_at ,  paid_at ,  completed_at ,  DELIVERY_METHOD ,  SHIPPING_FEE ,  FINAL_AMOUNT ,  COUPON_ID ,  DISCOUNT ) VALUES (1074, 4, CAST(350.00 AS Numeric(38, 2)), N'信用卡', N'已付款', N'已完成', N'周小敏', N'建盛門市 (131386) - 新竹市東區建中一路52號1樓', N'0918682711', CAST(N'2026-01-10T10:00:00.0000000' AS DateTime2), CAST(N'2026-01-12T09:00:00.0000000' AS DateTime2), CAST(N'2026-01-12T14:00:00.0000000' AS DateTime2), CAST(N'2026-01-08T16:02:00.0000000' AS DateTime2), CAST(N'2026-01-12T14:15:00.0000000' AS DateTime2), CAST(N'2026-01-08T16:15:00.0000000' AS DateTime2), CAST(N'2026-01-12T14:00:00.0000000' AS DateTime2), N'超商取貨', CAST(0.00 AS Numeric(38, 2)), CAST(350.00 AS Numeric(38, 2)), NULL, NULL);
INSERT into orders  ( order_id ,  user_id ,  total_amount ,  payment_method ,  payment_status ,  order_status ,  recipient_at ,  address ,  phone ,  shipped_at ,  delivered_at ,  received_at ,  created_at ,  updated_at ,  paid_at ,  completed_at ,  DELIVERY_METHOD ,  SHIPPING_FEE ,  FINAL_AMOUNT ,  COUPON_ID ,  DISCOUNT ) VALUES (1075, 1, CAST(350.00 AS Numeric(38, 2)), N'貨到付款', N'已付款', N'已完成', N'林光磊', N'建盛門市 (131386) - 新竹市東區建中一路52號1樓', N'0918682711', CAST(N'2026-01-10T15:00:00.0000000' AS DateTime2), CAST(N'2026-01-12T13:00:00.0000000' AS DateTime2), CAST(N'2026-01-12T17:00:00.0000000' AS DateTime2), CAST(N'2026-01-09T16:14:00.0000000' AS DateTime2), CAST(N'2026-01-12T17:15:00.0000000' AS DateTime2), CAST(N'2026-01-12T17:00:00.0000000' AS DateTime2), CAST(N'2026-01-12T17:00:00.0000000' AS DateTime2), N'超商取貨', CAST(0.00 AS Numeric(38, 2)), CAST(350.00 AS Numeric(38, 2)), NULL, NULL);
INSERT into orders  ( order_id ,  user_id ,  total_amount ,  payment_method ,  payment_status ,  order_status ,  recipient_at ,  address ,  phone ,  shipped_at ,  delivered_at ,  received_at ,  created_at ,  updated_at ,  paid_at ,  completed_at ,  DELIVERY_METHOD ,  SHIPPING_FEE ,  FINAL_AMOUNT ,  COUPON_ID ,  DISCOUNT ) VALUES (1076, 10, CAST(350.00 AS Numeric(38, 2)), N'信用卡', N'已付款', N'已完成', N'張雅雯', N'台醫店 (006598) - 台北市中正區中山南路７號１樓', N'0918682711', CAST(N'2026-01-12T11:00:00.0000000' AS DateTime2), CAST(N'2026-01-14T14:00:00.0000000' AS DateTime2), CAST(N'2026-01-14T18:00:00.0000000' AS DateTime2), CAST(N'2026-01-10T16:16:00.0000000' AS DateTime2), CAST(N'2026-01-14T18:15:00.0000000' AS DateTime2), CAST(N'2026-01-10T16:30:00.0000000' AS DateTime2), CAST(N'2026-01-14T18:00:00.0000000' AS DateTime2), N'超商取貨', CAST(0.00 AS Numeric(38, 2)), CAST(350.00 AS Numeric(38, 2)), NULL, NULL);
INSERT into orders  ( order_id ,  user_id ,  total_amount ,  payment_method ,  payment_status ,  order_status ,  recipient_at ,  address ,  phone ,  shipped_at ,  delivered_at ,  received_at ,  created_at ,  updated_at ,  paid_at ,  completed_at ,  DELIVERY_METHOD ,  SHIPPING_FEE ,  FINAL_AMOUNT ,  COUPON_ID ,  DISCOUNT ) VALUES (1077, 5, CAST(350.00 AS Numeric(38, 2)), N'信用卡', N'已付款', N'已取消', N'陳總管理', N'建盛門市 (131386) - 新竹市東區建中一路52號1樓', N'0939554778', NULL, NULL, NULL, CAST(N'2026-01-12T16:21:00.0000000' AS DateTime2), CAST(N'2026-01-13T10:00:00.0000000' AS DateTime2), CAST(N'2026-01-12T16:35:00.0000000' AS DateTime2), NULL, N'超商取貨', CAST(0.00 AS Numeric(38, 2)), CAST(350.00 AS Numeric(38, 2)), NULL, NULL);
INSERT into orders  ( order_id ,  user_id ,  total_amount ,  payment_method ,  payment_status ,  order_status ,  recipient_at ,  address ,  phone ,  shipped_at ,  delivered_at ,  received_at ,  created_at ,  updated_at ,  paid_at ,  completed_at ,  DELIVERY_METHOD ,  SHIPPING_FEE ,  FINAL_AMOUNT ,  COUPON_ID ,  DISCOUNT ) VALUES (1078, 8, CAST(350.00 AS Numeric(38, 2)), N'信用卡', N'已付款', N'已完成', N'趙後勤', N'北市杭州店 (2001) - 台北市大安區杭州南路二段５號', N'0918682711', CAST(N'2026-01-15T15:00:00.0000000' AS DateTime2), CAST(N'2026-01-17T10:00:00.0000000' AS DateTime2), CAST(N'2026-01-17T12:00:00.0000000' AS DateTime2), CAST(N'2026-01-13T16:28:00.0000000' AS DateTime2), CAST(N'2026-01-17T12:10:00.0000000' AS DateTime2), CAST(N'2026-01-13T16:45:00.0000000' AS DateTime2), CAST(N'2026-01-17T12:00:00.0000000' AS DateTime2), N'超商取貨', CAST(0.00 AS Numeric(38, 2)), CAST(350.00 AS Numeric(38, 2)), NULL, NULL);
INSERT into orders  ( order_id ,  user_id ,  total_amount ,  payment_method ,  payment_status ,  order_status ,  recipient_at ,  address ,  phone ,  shipped_at ,  delivered_at ,  received_at ,  created_at ,  updated_at ,  paid_at ,  completed_at ,  DELIVERY_METHOD ,  SHIPPING_FEE ,  FINAL_AMOUNT ,  COUPON_ID ,  DISCOUNT ) VALUES (1079, 4, CAST(1231.00 AS Numeric(38, 2)), N'信用卡', N'已付款', N'已完成', N'李國豪', N'建盛門市 (131386) - 新竹市東區建中一路52號1樓', N'0918682711', CAST(N'2026-01-16T14:00:00.0000000' AS DateTime2), CAST(N'2026-01-18T11:00:00.0000000' AS DateTime2), CAST(N'2026-01-18T16:00:00.0000000' AS DateTime2), CAST(N'2026-01-14T16:37:00.0000000' AS DateTime2), CAST(N'2026-01-18T16:15:00.0000000' AS DateTime2), CAST(N'2026-01-14T16:55:00.0000000' AS DateTime2), CAST(N'2026-01-18T16:00:00.0000000' AS DateTime2), N'超商取貨', CAST(0.00 AS Numeric(38, 2)), CAST(1231.00 AS Numeric(38, 2)), NULL, NULL);
INSERT into orders  ( order_id ,  user_id ,  total_amount ,  payment_method ,  payment_status ,  order_status ,  recipient_at ,  address ,  phone ,  shipped_at ,  delivered_at ,  received_at ,  created_at ,  updated_at ,  paid_at ,  completed_at ,  DELIVERY_METHOD ,  SHIPPING_FEE ,  FINAL_AMOUNT ,  COUPON_ID ,  DISCOUNT ) VALUES (1080, 6, CAST(450.00 AS Numeric(38, 2)), N'信用卡', N'已付款', N'已完成', N'周小敏', N'台醫店 (006598) - 台北市中正區中山南路７號１樓', N'0918682711', CAST(N'2026-01-16T10:00:00.0000000' AS DateTime2), CAST(N'2026-01-18T09:00:00.0000000' AS DateTime2), CAST(N'2026-01-18T14:00:00.0000000' AS DateTime2), CAST(N'2026-01-15T09:14:00.0000000' AS DateTime2), CAST(N'2026-01-18T14:15:00.0000000' AS DateTime2), CAST(N'2026-01-18T14:00:00.0000000' AS DateTime2), CAST(N'2026-01-18T14:00:00.0000000' AS DateTime2), N'超商取貨', CAST(0.00 AS Numeric(38, 2)), CAST(450.00 AS Numeric(38, 2)), NULL, NULL);
INSERT into orders  ( order_id ,  user_id ,  total_amount ,  payment_method ,  payment_status ,  order_status ,  recipient_at ,  address ,  phone ,  shipped_at ,  delivered_at ,  received_at ,  created_at ,  updated_at ,  paid_at ,  completed_at ,  DELIVERY_METHOD ,  SHIPPING_FEE ,  FINAL_AMOUNT ,  COUPON_ID ,  DISCOUNT ) VALUES (1081, 7, CAST(450.00 AS Numeric(38, 2)), N'貨到付款', N'未付款', N'已取消', N'張雅雯', N'建盛門市 (131386) - 新竹市東區建中一路52號1樓', N'0990707808', NULL, NULL, NULL, CAST(N'2026-01-15T09:16:00.0000000' AS DateTime2), CAST(N'2026-01-16T10:00:00.0000000' AS DateTime2), NULL, NULL, N'超商取貨', CAST(0.00 AS Numeric(38, 2)), CAST(450.00 AS Numeric(38, 2)), NULL, NULL);
INSERT into orders  ( order_id ,  user_id ,  total_amount ,  payment_method ,  payment_status ,  order_status ,  recipient_at ,  address ,  phone ,  shipped_at ,  delivered_at ,  received_at ,  created_at ,  updated_at ,  paid_at ,  completed_at ,  DELIVERY_METHOD ,  SHIPPING_FEE ,  FINAL_AMOUNT ,  COUPON_ID ,  DISCOUNT ) VALUES (1082, 8, CAST(450.00 AS Numeric(38, 2)), N'信用卡', N'已付款', N'已完成', N'鄭宜靜', N'建盛門市 (131386) - 新竹市東區建中一路52號1樓', N'0918682711', CAST(N'2026-01-17T11:00:00.0000000' AS DateTime2), CAST(N'2026-01-19T14:00:00.0000000' AS DateTime2), CAST(N'2026-01-19T18:00:00.0000000' AS DateTime2), CAST(N'2026-01-15T09:29:00.0000000' AS DateTime2), CAST(N'2026-01-19T18:15:00.0000000' AS DateTime2), CAST(N'2026-01-15T09:45:00.0000000' AS DateTime2), CAST(N'2026-01-19T18:00:00.0000000' AS DateTime2), N'超商取貨', CAST(0.00 AS Numeric(38, 2)), CAST(350.00 AS Numeric(38, 2)), 5, CAST(100.00 AS Numeric(38, 2)));
INSERT into orders  ( order_id ,  user_id ,  total_amount ,  payment_method ,  payment_status ,  order_status ,  recipient_at ,  address ,  phone ,  shipped_at ,  delivered_at ,  received_at ,  created_at ,  updated_at ,  paid_at ,  completed_at ,  DELIVERY_METHOD ,  SHIPPING_FEE ,  FINAL_AMOUNT ,  COUPON_ID ,  DISCOUNT ) VALUES (1083, 3, CAST(450.00 AS Numeric(38, 2)), N'貨到付款', N'已付款', N'已完成', N'許志明', N'建盛門市 (131386) - 新竹市東區建中一路52號1樓', N'0918682711', CAST(N'2026-01-17T09:00:00.0000000' AS DateTime2), CAST(N'2026-01-19T08:00:00.0000000' AS DateTime2), CAST(N'2026-01-19T10:00:00.0000000' AS DateTime2), CAST(N'2026-01-16T10:16:00.0000000' AS DateTime2), CAST(N'2026-01-19T10:10:00.0000000' AS DateTime2), CAST(N'2026-01-19T10:00:00.0000000' AS DateTime2), CAST(N'2026-01-19T10:00:00.0000000' AS DateTime2), N'超商取貨', CAST(0.00 AS Numeric(38, 2)), CAST(450.00 AS Numeric(38, 2)), NULL, NULL);
INSERT into orders  ( order_id ,  user_id ,  total_amount ,  payment_method ,  payment_status ,  order_status ,  recipient_at ,  address ,  phone ,  shipped_at ,  delivered_at ,  received_at ,  created_at ,  updated_at ,  paid_at ,  completed_at ,  DELIVERY_METHOD ,  SHIPPING_FEE ,  FINAL_AMOUNT ,  COUPON_ID ,  DISCOUNT ) VALUES (1084, 2, CAST(1681.00 AS Numeric(38, 2)), N'信用卡', N'已付款', N'已完成', N'周小敏', N'台醫店 (006598) - 台北市中正區中山南路７號１樓', N'0939554778', CAST(N'2026-01-18T14:00:00.0000000' AS DateTime2), CAST(N'2026-01-20T10:00:00.0000000' AS DateTime2), CAST(N'2026-01-20T12:00:00.0000000' AS DateTime2), CAST(N'2026-01-16T10:39:00.0000000' AS DateTime2), CAST(N'2026-01-20T12:10:00.0000000' AS DateTime2), CAST(N'2026-01-16T11:00:00.0000000' AS DateTime2), CAST(N'2026-01-20T12:00:00.0000000' AS DateTime2), N'超商取貨', CAST(0.00 AS Numeric(38, 2)), CAST(1681.00 AS Numeric(38, 2)), NULL, NULL);
INSERT into orders  ( order_id ,  user_id ,  total_amount ,  payment_method ,  payment_status ,  order_status ,  recipient_at ,  address ,  phone ,  shipped_at ,  delivered_at ,  received_at ,  created_at ,  updated_at ,  paid_at ,  completed_at ,  DELIVERY_METHOD ,  SHIPPING_FEE ,  FINAL_AMOUNT ,  COUPON_ID ,  DISCOUNT ) VALUES (1085, 5, CAST(1681.00 AS Numeric(38, 2)), N'貨到付款', N'已付款', N'已取消', N'王黑名', N'建盛門市 (131386) - 新竹市東區建中一路52號1樓', N'0918682711', CAST(N'2026-01-19T10:00:00.0000000' AS DateTime2), CAST(N'2026-01-21T09:00:00.0000000' AS DateTime2), CAST(N'2026-01-21T11:00:00.0000000' AS DateTime2), CAST(N'2026-01-18T11:10:00.0000000' AS DateTime2), CAST(N'2026-01-21T11:15:00.0000000' AS DateTime2), CAST(N'2026-01-21T11:00:00.0000000' AS DateTime2), CAST(N'2026-01-21T11:00:00.0000000' AS DateTime2), N'超商取貨', CAST(0.00 AS Numeric(38, 2)), CAST(1581.00 AS Numeric(38, 2)), 2, CAST(100.00 AS Numeric(38, 2)));
INSERT into orders  ( order_id ,  user_id ,  total_amount ,  payment_method ,  payment_status ,  order_status ,  recipient_at ,  address ,  phone ,  shipped_at ,  delivered_at ,  received_at ,  created_at ,  updated_at ,  paid_at ,  completed_at ,  DELIVERY_METHOD ,  SHIPPING_FEE ,  FINAL_AMOUNT ,  COUPON_ID ,  DISCOUNT ) VALUES (1086, 3, CAST(450.00 AS Numeric(38, 2)), N'貨到付款', N'已付款', N'已完成', N'林佳儀', N'建盛門市 (131386) - 新竹市東區建中一路52號1樓', N'0990707808', CAST(N'2026-01-21T11:00:00.0000000' AS DateTime2), CAST(N'2026-01-23T10:00:00.0000000' AS DateTime2), CAST(N'2026-01-23T12:00:00.0000000' AS DateTime2), CAST(N'2026-01-20T11:29:00.0000000' AS DateTime2), CAST(N'2026-01-23T12:15:00.0000000' AS DateTime2), CAST(N'2026-01-23T12:00:00.0000000' AS DateTime2), CAST(N'2026-01-23T12:00:00.0000000' AS DateTime2), N'超商取貨', CAST(0.00 AS Numeric(38, 2)), CAST(450.00 AS Numeric(38, 2)), NULL, NULL);
INSERT into orders  ( order_id ,  user_id ,  total_amount ,  payment_method ,  payment_status ,  order_status ,  recipient_at ,  address ,  phone ,  shipped_at ,  delivered_at ,  received_at ,  created_at ,  updated_at ,  paid_at ,  completed_at ,  DELIVERY_METHOD ,  SHIPPING_FEE ,  FINAL_AMOUNT ,  COUPON_ID ,  DISCOUNT ) VALUES (1087, 5, CAST(450.00 AS Numeric(38, 2)), N'信用卡', N'已付款', N'已完成', N'李國豪', N'建盛門市 (131386) - 新竹市東區建中一路52號1樓', N'0939554778', CAST(N'2026-01-23T15:00:00.0000000' AS DateTime2), CAST(N'2026-01-25T11:00:00.0000000' AS DateTime2), CAST(N'2026-01-25T16:00:00.0000000' AS DateTime2), CAST(N'2026-01-21T11:34:00.0000000' AS DateTime2), CAST(N'2026-01-25T16:15:00.0000000' AS DateTime2), CAST(N'2026-01-21T11:50:00.0000000' AS DateTime2), CAST(N'2026-01-25T16:00:00.0000000' AS DateTime2), N'超商取貨', CAST(0.00 AS Numeric(38, 2)), CAST(450.00 AS Numeric(38, 2)), NULL, NULL);
INSERT into orders  ( order_id ,  user_id ,  total_amount ,  payment_method ,  payment_status ,  order_status ,  recipient_at ,  address ,  phone ,  shipped_at ,  delivered_at ,  received_at ,  created_at ,  updated_at ,  paid_at ,  completed_at ,  DELIVERY_METHOD ,  SHIPPING_FEE ,  FINAL_AMOUNT ,  COUPON_ID ,  DISCOUNT ) VALUES (1088, 4, CAST(450.00 AS Numeric(38, 2)), N'信用卡', N'已付款', N'已到貨', N'王黑名', N'台醫店 (006598) - 台北市中正區中山南路７號１樓', N'0918682711', CAST(N'2026-01-24T13:00:00.0000000' AS DateTime2), CAST(N'2026-01-26T11:00:00.0000000' AS DateTime2), CAST(N'2026-01-26T11:50:00.0000000' AS DateTime2), CAST(N'2026-01-22T11:38:00.0000000' AS DateTime2), CAST(N'2026-01-26T12:00:00.0000000' AS DateTime2), CAST(N'2026-01-26T11:50:00.0000000' AS DateTime2), CAST(N'2026-01-26T11:50:00.0000000' AS DateTime2), N'超商取貨', CAST(0.00 AS Numeric(38, 2)), CAST(450.00 AS Numeric(38, 2)), NULL, NULL);
INSERT into orders  ( order_id ,  user_id ,  total_amount ,  payment_method ,  payment_status ,  order_status ,  recipient_at ,  address ,  phone ,  shipped_at ,  delivered_at ,  received_at ,  created_at ,  updated_at ,  paid_at ,  completed_at ,  DELIVERY_METHOD ,  SHIPPING_FEE ,  FINAL_AMOUNT ,  COUPON_ID ,  DISCOUNT ) VALUES (1089, 10, CAST(450.00 AS Numeric(38, 2)), N'信用卡', N'已付款', N'已到貨', N'李國豪', N'建盛門市 (131386) - 新竹市東區建中一路52號1樓', N'0978459825', CAST(N'2026-01-25T14:00:00.0000000' AS DateTime2), CAST(N'2026-01-27T12:00:00.0000000' AS DateTime2), CAST(N'2026-01-27T15:00:00.0000000' AS DateTime2), CAST(N'2026-01-23T11:42:00.0000000' AS DateTime2), CAST(N'2026-01-27T15:15:00.0000000' AS DateTime2), CAST(N'2026-01-23T12:00:00.0000000' AS DateTime2), CAST(N'2026-01-27T15:00:00.0000000' AS DateTime2), N'超商取貨', CAST(0.00 AS Numeric(38, 2)), CAST(450.00 AS Numeric(38, 2)), NULL, NULL);
INSERT into orders  ( order_id ,  user_id ,  total_amount ,  payment_method ,  payment_status ,  order_status ,  recipient_at ,  address ,  phone ,  shipped_at ,  delivered_at ,  received_at ,  created_at ,  updated_at ,  paid_at ,  completed_at ,  DELIVERY_METHOD ,  SHIPPING_FEE ,  FINAL_AMOUNT ,  COUPON_ID ,  DISCOUNT ) VALUES (1090, 2, CAST(320.00 AS Numeric(38, 2)), N'貨到付款', N'已付款', N'已完成', N'張雅雯', N'北市杭州店 (2001) - 台北市大安區杭州南路二段５號', N'0990707808', CAST(N'2026-01-24T15:00:00.0000000' AS DateTime2), CAST(N'2026-01-26T11:00:00.0000000' AS DateTime2), CAST(N'2026-01-26T13:00:00.0000000' AS DateTime2), CAST(N'2026-01-23T11:52:00.0000000' AS DateTime2), CAST(N'2026-01-26T13:15:00.0000000' AS DateTime2), CAST(N'2026-01-26T13:00:00.0000000' AS DateTime2), CAST(N'2026-01-26T13:00:00.0000000' AS DateTime2), N'超商取貨', CAST(50.00 AS Numeric(38, 2)), CAST(370.00 AS Numeric(38, 2)), NULL, NULL);
INSERT into orders  ( order_id ,  user_id ,  total_amount ,  payment_method ,  payment_status ,  order_status ,  recipient_at ,  address ,  phone ,  shipped_at ,  delivered_at ,  received_at ,  created_at ,  updated_at ,  paid_at ,  completed_at ,  DELIVERY_METHOD ,  SHIPPING_FEE ,  FINAL_AMOUNT ,  COUPON_ID ,  DISCOUNT ) VALUES (1091, 5, CAST(320.00 AS Numeric(38, 2)), N'貨到付款', N'已付款', N'已完成', N'趙後勤', N'建盛門市 (131386) - 新竹市東區建中一路52號1樓', N'0918682711', CAST(N'2026-01-25T09:00:00.0000000' AS DateTime2), CAST(N'2026-01-27T10:00:00.0000000' AS DateTime2), CAST(N'2026-01-27T14:00:00.0000000' AS DateTime2), CAST(N'2026-01-24T13:46:00.0000000' AS DateTime2), CAST(N'2026-01-27T14:15:00.0000000' AS DateTime2), CAST(N'2026-01-27T14:00:00.0000000' AS DateTime2), CAST(N'2026-01-27T14:00:00.0000000' AS DateTime2), N'超商取貨', CAST(50.00 AS Numeric(38, 2)), CAST(370.00 AS Numeric(38, 2)), NULL, NULL);
INSERT into orders  ( order_id ,  user_id ,  total_amount ,  payment_method ,  payment_status ,  order_status ,  recipient_at ,  address ,  phone ,  shipped_at ,  delivered_at ,  received_at ,  created_at ,  updated_at ,  paid_at ,  completed_at ,  DELIVERY_METHOD ,  SHIPPING_FEE ,  FINAL_AMOUNT ,  COUPON_ID ,  DISCOUNT ) VALUES (1092, 8, CAST(320.00 AS Numeric(38, 2)), N'信用卡', N'已付款', N'已到貨', N'林佳儀', N'建盛門市 (131386) - 新竹市東區建中一路52號1樓', N'0918682711', CAST(N'2026-01-26T10:00:00.0000000' AS DateTime2), CAST(N'2026-01-28T09:00:00.0000000' AS DateTime2), CAST(N'2026-01-28T10:00:00.0000000' AS DateTime2), CAST(N'2026-01-24T13:58:00.0000000' AS DateTime2), CAST(N'2026-01-28T10:15:00.0000000' AS DateTime2), CAST(N'2026-01-24T14:15:00.0000000' AS DateTime2), CAST(N'2026-01-28T10:00:00.0000000' AS DateTime2), N'超商取貨', CAST(50.00 AS Numeric(38, 2)), CAST(370.00 AS Numeric(38, 2)), NULL, NULL);
INSERT into orders  ( order_id ,  user_id ,  total_amount ,  payment_method ,  payment_status ,  order_status ,  recipient_at ,  address ,  phone ,  shipped_at ,  delivered_at ,  received_at ,  created_at ,  updated_at ,  paid_at ,  completed_at ,  DELIVERY_METHOD ,  SHIPPING_FEE ,  FINAL_AMOUNT ,  COUPON_ID ,  DISCOUNT ) VALUES (1093, 5, CAST(320.00 AS Numeric(38, 2)), N'信用卡', N'已付款', N'已到貨', N'李國豪', N'台醫店 (006598) - 台北市中正區中山南路７號１樓', N'0990707808', CAST(N'2026-01-26T11:00:00.0000000' AS DateTime2), CAST(N'2026-01-28T10:00:00.0000000' AS DateTime2), CAST(N'2026-01-28T11:00:00.0000000' AS DateTime2), CAST(N'2026-01-24T14:00:00.0000000' AS DateTime2), CAST(N'2026-01-28T11:15:00.0000000' AS DateTime2), CAST(N'2026-01-24T14:20:00.0000000' AS DateTime2), CAST(N'2026-01-28T11:00:00.0000000' AS DateTime2), N'超商取貨', CAST(50.00 AS Numeric(38, 2)), CAST(370.00 AS Numeric(38, 2)), NULL, NULL);
INSERT into orders  ( order_id ,  user_id ,  total_amount ,  payment_method ,  payment_status ,  order_status ,  recipient_at ,  address ,  phone ,  shipped_at ,  delivered_at ,  received_at ,  created_at ,  updated_at ,  paid_at ,  completed_at ,  DELIVERY_METHOD ,  SHIPPING_FEE ,  FINAL_AMOUNT ,  COUPON_ID ,  DISCOUNT ) VALUES (1094, 10, CAST(1270.00 AS Numeric(38, 2)), N'信用卡', N'已付款', N'已出貨', N'趙後勤', N'建盛門市 (131386) - 新竹市東區建中一路52號1樓', N'0978459825', CAST(N'2026-01-27T10:00:00.0000000' AS DateTime2), CAST(N'2026-01-29T09:00:00.0000000' AS DateTime2), CAST(N'2026-01-29T11:00:00.0000000' AS DateTime2), CAST(N'2026-01-25T09:18:00.0000000' AS DateTime2), CAST(N'2026-01-29T11:15:00.0000000' AS DateTime2), CAST(N'2026-01-25T09:40:00.0000000' AS DateTime2), CAST(N'2026-01-29T11:00:00.0000000' AS DateTime2), N'超商取貨', CAST(0.00 AS Numeric(38, 2)), CAST(1270.00 AS Numeric(38, 2)), NULL, NULL);
INSERT into orders  ( order_id ,  user_id ,  total_amount ,  payment_method ,  payment_status ,  order_status ,  recipient_at ,  address ,  phone ,  shipped_at ,  delivered_at ,  received_at ,  created_at ,  updated_at ,  paid_at ,  completed_at ,  DELIVERY_METHOD ,  SHIPPING_FEE ,  FINAL_AMOUNT ,  COUPON_ID ,  DISCOUNT ) VALUES (1095, 2, CAST(950.00 AS Numeric(38, 2)), N'貨到付款', N'已付款', N'已完成', N'林佳儀', N'北市杭州店 (2001) - 台北市大安區杭州南路二段５號', N'0978031237', CAST(N'2026-01-27T09:00:00.0000000' AS DateTime2), CAST(N'2026-01-29T08:00:00.0000000' AS DateTime2), CAST(N'2026-01-29T10:00:00.0000000' AS DateTime2), CAST(N'2026-01-26T10:47:00.0000000' AS DateTime2), CAST(N'2026-01-29T10:15:00.0000000' AS DateTime2), CAST(N'2026-01-29T10:00:00.0000000' AS DateTime2), CAST(N'2026-01-29T10:00:00.0000000' AS DateTime2), N'超商取貨', CAST(0.00 AS Numeric(38, 2)), CAST(950.00 AS Numeric(38, 2)), NULL, NULL);
INSERT into orders  ( order_id ,  user_id ,  total_amount ,  payment_method ,  payment_status ,  order_status ,  recipient_at ,  address ,  phone ,  shipped_at ,  delivered_at ,  received_at ,  created_at ,  updated_at ,  paid_at ,  completed_at ,  DELIVERY_METHOD ,  SHIPPING_FEE ,  FINAL_AMOUNT ,  COUPON_ID ,  DISCOUNT ) VALUES (1096, 6, CAST(950.00 AS Numeric(38, 2)), N'信用卡', N'已付款', N'已出貨', N'鄭宜靜', N'建盛門市 (131386) - 新竹市東區建中一路52號1樓', N'0978459825', CAST(N'2026-01-29T11:00:00.0000000' AS DateTime2), NULL, NULL, CAST(N'2026-01-27T11:01:00.0000000' AS DateTime2), CAST(N'2026-01-29T11:15:00.0000000' AS DateTime2), CAST(N'2026-01-27T11:20:00.0000000' AS DateTime2), NULL, N'超商取貨', CAST(0.00 AS Numeric(38, 2)), CAST(950.00 AS Numeric(38, 2)), NULL, NULL);
INSERT into orders  ( order_id ,  user_id ,  total_amount ,  payment_method ,  payment_status ,  order_status ,  recipient_at ,  address ,  phone ,  shipped_at ,  delivered_at ,  received_at ,  created_at ,  updated_at ,  paid_at ,  completed_at ,  DELIVERY_METHOD ,  SHIPPING_FEE ,  FINAL_AMOUNT ,  COUPON_ID ,  DISCOUNT ) VALUES (1097, 5, CAST(320.00 AS Numeric(38, 2)), N'貨到付款', N'已付款', N'已完成', N'李國豪', N'台醫店 (006598) - 台北市中正區中山南路７號１樓', N'0990707808', CAST(N'2026-01-28T11:00:00.0000000' AS DateTime2), CAST(N'2026-01-30T10:00:00.0000000' AS DateTime2), CAST(N'2026-01-30T11:00:00.0000000' AS DateTime2), CAST(N'2026-01-27T11:09:00.0000000' AS DateTime2), CAST(N'2026-01-30T11:15:00.0000000' AS DateTime2), CAST(N'2026-01-30T11:00:00.0000000' AS DateTime2), CAST(N'2026-01-30T11:00:00.0000000' AS DateTime2), N'超商取貨', CAST(50.00 AS Numeric(38, 2)), CAST(370.00 AS Numeric(38, 2)), NULL, NULL);
INSERT into orders  ( order_id ,  user_id ,  total_amount ,  payment_method ,  payment_status ,  order_status ,  recipient_at ,  address ,  phone ,  shipped_at ,  delivered_at ,  received_at ,  created_at ,  updated_at ,  paid_at ,  completed_at ,  DELIVERY_METHOD ,  SHIPPING_FEE ,  FINAL_AMOUNT ,  COUPON_ID ,  DISCOUNT ) VALUES (1098, 4, CAST(950.00 AS Numeric(38, 2)), N'信用卡', N'已付款', N'已出貨', N'張雅雯', N'建盛門市 (131386) - 新竹市東區建中一路52號1樓', N'0987425364', CAST(N'2026-01-29T14:00:00.0000000' AS DateTime2), NULL, NULL, CAST(N'2026-01-27T11:14:27.0930000' AS DateTime2), CAST(N'2026-01-29T14:10:00.0000000' AS DateTime2), CAST(N'2026-01-27T11:30:00.0000000' AS DateTime2), NULL, N'超商取貨', CAST(0.00 AS Numeric(38, 2)), CAST(950.00 AS Numeric(38, 2)), NULL, NULL);
INSERT into orders  ( order_id ,  user_id ,  total_amount ,  payment_method ,  payment_status ,  order_status ,  recipient_at ,  address ,  phone ,  shipped_at ,  delivered_at ,  received_at ,  created_at ,  updated_at ,  paid_at ,  completed_at ,  DELIVERY_METHOD ,  SHIPPING_FEE ,  FINAL_AMOUNT ,  COUPON_ID ,  DISCOUNT ) VALUES (1099, 1, CAST(950.00 AS Numeric(38, 2)), N'貨到付款', N'未付款', N'待出貨', N'陳總管理', N'建盛門市 (131386) - 新竹市東區建中一路52號1樓', N'0990707808', NULL, NULL, NULL, CAST(N'2026-01-27T11:22:00.0000000' AS DateTime2), CAST(N'2026-01-30T12:15:00.0000000' AS DateTime2), NULL, NULL, N'超商取貨', CAST(0.00 AS Numeric(38, 2)), CAST(950.00 AS Numeric(38, 2)), NULL, NULL);
INSERT into orders  ( order_id ,  user_id ,  total_amount ,  payment_method ,  payment_status ,  order_status ,  recipient_at ,  address ,  phone ,  shipped_at ,  delivered_at ,  received_at ,  created_at ,  updated_at ,  paid_at ,  completed_at ,  DELIVERY_METHOD ,  SHIPPING_FEE ,  FINAL_AMOUNT ,  COUPON_ID ,  DISCOUNT ) VALUES (1100, 2, CAST(1231.00 AS Numeric(38, 2)), N'信用卡', N'已付款', N'待出貨', N'林佳儀', N'台醫店 (006598) - 台北市中正區中山南路７號１樓', N'0971554238', NULL, NULL, NULL, CAST(N'2026-01-28T11:31:00.0000000' AS DateTime2), CAST(N'2026-01-29T12:01:00.0000000' AS DateTime2), CAST(N'2026-01-28T11:45:00.0000000' AS DateTime2), NULL, N'超商取貨', CAST(0.00 AS Numeric(38, 2)), CAST(1231.00 AS Numeric(38, 2)), NULL, NULL);
INSERT into orders  ( order_id ,  user_id ,  total_amount ,  payment_method ,  payment_status ,  order_status ,  recipient_at ,  address ,  phone ,  shipped_at ,  delivered_at ,  received_at ,  created_at ,  updated_at ,  paid_at ,  completed_at ,  DELIVERY_METHOD ,  SHIPPING_FEE ,  FINAL_AMOUNT ,  COUPON_ID ,  DISCOUNT ) VALUES (1103, 5, CAST(640.00 AS Numeric(38, 2)), N'信用卡', N'已付款', N'已取消', N'李國豪', N'建盛門市 (131386) - 新竹市東區建中一路52號1樓', N'0990707808', NULL, NULL, NULL, CAST(N'2026-01-28T15:56:00.0000000' AS DateTime2), CAST(N'2026-01-29T10:46:00.0000000' AS DateTime2), CAST(N'2026-01-28T16:10:00.0000000' AS DateTime2), NULL, N'超商取貨', CAST(0.00 AS Numeric(38, 2)), CAST(640.00 AS Numeric(38, 2)), 1, CAST(10.00 AS Numeric(38, 2)));
INSERT into orders  ( order_id ,  user_id ,  total_amount ,  payment_method ,  payment_status ,  order_status ,  recipient_at ,  address ,  phone ,  shipped_at ,  delivered_at ,  received_at ,  created_at ,  updated_at ,  paid_at ,  completed_at ,  DELIVERY_METHOD ,  SHIPPING_FEE ,  FINAL_AMOUNT ,  COUPON_ID ,  DISCOUNT ) VALUES (1104, 8, CAST(4500.00 AS Numeric(38, 2)), N'信用卡', N'已付款', N'已取消', N'周小敏', N'建盛門市 (131386) - 新竹市東區建中一路52號1樓', N'0978459825', NULL, NULL, NULL, CAST(N'2026-01-29T13:39:00.0000000' AS DateTime2), CAST(N'2026-01-29T13:55:00.0000000' AS DateTime2), CAST(N'2026-01-29T13:50:00.0000000' AS DateTime2), NULL, N'超商取貨', CAST(0.00 AS Numeric(38, 2)), CAST(4500.00 AS Numeric(38, 2)), NULL, NULL);
INSERT into orders  ( order_id ,  user_id ,  total_amount ,  payment_method ,  payment_status ,  order_status ,  recipient_at ,  address ,  phone ,  shipped_at ,  delivered_at ,  received_at ,  created_at ,  updated_at ,  paid_at ,  completed_at ,  DELIVERY_METHOD ,  SHIPPING_FEE ,  FINAL_AMOUNT ,  COUPON_ID ,  DISCOUNT ) VALUES (1105, 4, CAST(400.00 AS Numeric(38, 2)), N'信用卡', N'已付款', N'待出貨', N'張雅雯', N'北市杭州店 (2001) - 台北市大安區杭州南路二段５號', N'0971554238', NULL, NULL, NULL, CAST(N'2026-01-29T15:21:00.0000000' AS DateTime2), CAST(N'2026-01-29T15:40:00.0000000' AS DateTime2), CAST(N'2026-01-29T15:35:00.0000000' AS DateTime2), NULL, N'超商取貨', CAST(0.00 AS Numeric(38, 2)), CAST(400.00 AS Numeric(38, 2)), NULL, NULL);
INSERT into orders  ( order_id ,  user_id ,  total_amount ,  payment_method ,  payment_status ,  order_status ,  recipient_at ,  address ,  phone ,  shipped_at ,  delivered_at ,  received_at ,  created_at ,  updated_at ,  paid_at ,  completed_at ,  DELIVERY_METHOD ,  SHIPPING_FEE ,  FINAL_AMOUNT ,  COUPON_ID ,  DISCOUNT ) VALUES (1107, 1, CAST(5040.00 AS Numeric(38, 2)), N'信用卡', N'已付款', N'待出貨', N'林木森', N'建盛門市 (131386) - 新竹市東區建中一路52號1樓', N'0987452145', NULL, NULL, NULL, CAST(N'2026-02-23T11:20:47.0630000' AS DateTime2), CAST(N'2026-02-23T11:21:29.7180000' AS DateTime2), CAST(N'2026-02-23T11:21:29.7180000' AS DateTime2), NULL, N'超商取貨', CAST(0.00 AS Numeric(38, 2)), CAST(5040.00 AS Numeric(38, 2)), NULL, NULL);
INSERT into orders  ( order_id ,  user_id ,  total_amount ,  payment_method ,  payment_status ,  order_status ,  recipient_at ,  address ,  phone ,  shipped_at ,  delivered_at ,  received_at ,  created_at ,  updated_at ,  paid_at ,  completed_at ,  DELIVERY_METHOD ,  SHIPPING_FEE ,  FINAL_AMOUNT ,  COUPON_ID ,  DISCOUNT ) VALUES (1108, 1, CAST(11040.00 AS Numeric(38, 2)), N'貨到付款', N'未付款', N'待出貨', N'林木森', N'台醫店 (006598) - 台北市中正區中山南路７號１樓', N'0987452145', NULL, NULL, NULL, CAST(N'2026-02-23T11:22:52.8060000' AS DateTime2), CAST(N'2026-02-23T11:22:52.8060000' AS DateTime2), NULL, NULL, N'超商取貨', CAST(0.00 AS Numeric(38, 2)), CAST(11040.00 AS Numeric(38, 2)), NULL, NULL);
INSERT into orders  ( order_id ,  user_id ,  total_amount ,  payment_method ,  payment_status ,  order_status ,  recipient_at ,  address ,  phone ,  shipped_at ,  delivered_at ,  received_at ,  created_at ,  updated_at ,  paid_at ,  completed_at ,  DELIVERY_METHOD ,  SHIPPING_FEE ,  FINAL_AMOUNT ,  COUPON_ID ,  DISCOUNT ) VALUES (1109, 2, CAST(7560.00 AS Numeric(38, 2)), N'貨到付款', N'未付款', N'待出貨', N'艾力克斯', N'北市杭州店 (2001) - 台北市大安區杭州南路二段５號', N'0962050445', NULL, NULL, NULL, CAST(N'2026-02-23T11:23:44.3120000' AS DateTime2), CAST(N'2026-02-23T11:23:44.3120000' AS DateTime2), NULL, NULL, N'超商取貨', CAST(0.00 AS Numeric(38, 2)), CAST(7560.00 AS Numeric(38, 2)), NULL, NULL);
INSERT into orders  ( order_id ,  user_id ,  total_amount ,  payment_method ,  payment_status ,  order_status ,  recipient_at ,  address ,  phone ,  shipped_at ,  delivered_at ,  received_at ,  created_at ,  updated_at ,  paid_at ,  completed_at ,  DELIVERY_METHOD ,  SHIPPING_FEE ,  FINAL_AMOUNT ,  COUPON_ID ,  DISCOUNT ) VALUES (1110, 2, CAST(450.00 AS Numeric(38, 2)), N'信用卡', N'已付款', N'待出貨', N'艾力克斯', N'桃園市楊梅區', N'0962050445', NULL, NULL, NULL, CAST(N'2026-02-23T11:25:43.1500000' AS DateTime2), CAST(N'2026-02-23T11:26:16.1120000' AS DateTime2), CAST(N'2026-02-23T11:26:16.1120000' AS DateTime2), NULL, N'宅配到府', CAST(50.00 AS Numeric(38, 2)), CAST(500.00 AS Numeric(38, 2)), NULL, NULL);
-- SET IDENTITY_INSERT into orders  OFF
-- GO

-- SET IDENTITY_INSERT into order_item ON 

 INSERT into order_item ( order_item_id ,  order_id ,  book_id ,  quantity ,  price ,  subtotal ) VALUES (1, 1, 1, 2, CAST(500.00 AS Numeric(38, 2)), CAST(1000.00 AS Numeric(38, 2)));
 INSERT into order_item ( order_item_id ,  order_id ,  book_id ,  quantity ,  price ,  subtotal ) VALUES (2, 1, 2, 1, CAST(300.00 AS Numeric(38, 2)), CAST(300.00 AS Numeric(38, 2)));
 INSERT into order_item ( order_item_id ,  order_id ,  book_id ,  quantity ,  price ,  subtotal ) VALUES (4, 2, 2, 3, CAST(500.00 AS Numeric(38, 2)), CAST(1500.00 AS Numeric(38, 2)));
 INSERT into order_item ( order_item_id ,  order_id ,  book_id ,  quantity ,  price ,  subtotal ) VALUES (6, 4, 1, 1, CAST(500.00 AS Numeric(38, 2)), CAST(500.00 AS Numeric(38, 2)));
 INSERT into order_item ( order_item_id ,  order_id ,  book_id ,  quantity ,  price ,  subtotal ) VALUES (7, 5, 1, 2, CAST(500.00 AS Numeric(38, 2)), CAST(1000.00 AS Numeric(38, 2)));
 INSERT into order_item ( order_item_id ,  order_id ,  book_id ,  quantity ,  price ,  subtotal ) VALUES (8, 5, 2, 1, CAST(300.00 AS Numeric(38, 2)), CAST(300.00 AS Numeric(38, 2)));
 INSERT into order_item ( order_item_id ,  order_id ,  book_id ,  quantity ,  price ,  subtotal ) VALUES (10, 6, 2, 1, CAST(500.00 AS Numeric(38, 2)), CAST(500.00 AS Numeric(38, 2)));
 INSERT into order_item ( order_item_id ,  order_id ,  book_id ,  quantity ,  price ,  subtotal ) VALUES (12, 8, 1, 1, CAST(500.00 AS Numeric(38, 2)), CAST(500.00 AS Numeric(38, 2)));
 INSERT into order_item ( order_item_id ,  order_id ,  book_id ,  quantity ,  price ,  subtotal ) VALUES (13, 13, 1, 1, CAST(400.00 AS Numeric(38, 2)), CAST(400.00 AS Numeric(38, 2)));
 INSERT into order_item ( order_item_id ,  order_id ,  book_id ,  quantity ,  price ,  subtotal ) VALUES (14, 14, 1, 10, CAST(400.00 AS Numeric(38, 2)), CAST(4000.00 AS Numeric(38, 2)));
 INSERT into order_item ( order_item_id ,  order_id ,  book_id ,  quantity ,  price ,  subtotal ) VALUES (15, 15, 2, 2, CAST(350.00 AS Numeric(38, 2)), CAST(700.00 AS Numeric(38, 2)));
 INSERT into order_item ( order_item_id ,  order_id ,  book_id ,  quantity ,  price ,  subtotal ) VALUES (17, 17, 2, 2, CAST(400.00 AS Numeric(38, 2)), CAST(800.00 AS Numeric(38, 2)));
 INSERT into order_item ( order_item_id ,  order_id ,  book_id ,  quantity ,  price ,  subtotal ) VALUES (38, 24, 2, 2, CAST(350.00 AS Numeric(38, 2)), CAST(700.00 AS Numeric(38, 2)));
 INSERT into order_item ( order_item_id ,  order_id ,  book_id ,  quantity ,  price ,  subtotal ) VALUES (39, 25, 1, 1, CAST(400.00 AS Numeric(38, 2)), CAST(400.00 AS Numeric(38, 2)));
 INSERT into order_item ( order_item_id ,  order_id ,  book_id ,  quantity ,  price ,  subtotal ) VALUES (40, 26, 2, 1, CAST(350.00 AS Numeric(38, 2)), CAST(350.00 AS Numeric(38, 2)));
 INSERT into order_item ( order_item_id ,  order_id ,  book_id ,  quantity ,  price ,  subtotal ) VALUES (41, 27, 2, 1, CAST(350.00 AS Numeric(38, 2)), CAST(350.00 AS Numeric(38, 2)));
 INSERT into order_item ( order_item_id ,  order_id ,  book_id ,  quantity ,  price ,  subtotal ) VALUES (42, 27, 3, 1, CAST(300.00 AS Numeric(38, 2)), CAST(300.00 AS Numeric(38, 2)));
 INSERT into order_item ( order_item_id ,  order_id ,  book_id ,  quantity ,  price ,  subtotal ) VALUES (44, 28, 1, 1, CAST(400.00 AS Numeric(38, 2)), CAST(400.00 AS Numeric(38, 2)));
 INSERT into order_item ( order_item_id ,  order_id ,  book_id ,  quantity ,  price ,  subtotal ) VALUES (51, 28, 1, 2, CAST(400.00 AS Numeric(38, 2)), CAST(800.00 AS Numeric(38, 2)));
 INSERT into order_item ( order_item_id ,  order_id ,  book_id ,  quantity ,  price ,  subtotal ) VALUES (56, 36, 1, 1, CAST(400.00 AS Numeric(38, 2)), CAST(400.00 AS Numeric(38, 2)));
 INSERT into order_item ( order_item_id ,  order_id ,  book_id ,  quantity ,  price ,  subtotal ) VALUES (57, 37, 1, 1, CAST(400.00 AS Numeric(38, 2)), CAST(400.00 AS Numeric(38, 2)));
 INSERT into order_item ( order_item_id ,  order_id ,  book_id ,  quantity ,  price ,  subtotal ) VALUES (58, 37, 2, 1, CAST(350.00 AS Numeric(38, 2)), CAST(350.00 AS Numeric(38, 2)));
 INSERT into order_item ( order_item_id ,  order_id ,  book_id ,  quantity ,  price ,  subtotal ) VALUES (59, 38, 1, 1, CAST(400.00 AS Numeric(38, 2)), CAST(400.00 AS Numeric(38, 2)));
 INSERT into order_item ( order_item_id ,  order_id ,  book_id ,  quantity ,  price ,  subtotal ) VALUES (60, 38, 4, 1, CAST(320.00 AS Numeric(38, 2)), CAST(320.00 AS Numeric(38, 2)));
 INSERT into order_item ( order_item_id ,  order_id ,  book_id ,  quantity ,  price ,  subtotal ) VALUES (61, 39, 1, 1, CAST(400.00 AS Numeric(38, 2)), CAST(400.00 AS Numeric(38, 2)));
 INSERT into order_item ( order_item_id ,  order_id ,  book_id ,  quantity ,  price ,  subtotal ) VALUES (62, 39, 2, 1, CAST(350.00 AS Numeric(38, 2)), CAST(350.00 AS Numeric(38, 2)));
 INSERT into order_item ( order_item_id ,  order_id ,  book_id ,  quantity ,  price ,  subtotal ) VALUES (63, 40, 1, 1, CAST(400.00 AS Numeric(38, 2)), CAST(400.00 AS Numeric(38, 2)));
 INSERT into order_item ( order_item_id ,  order_id ,  book_id ,  quantity ,  price ,  subtotal ) VALUES (64, 40, 3, 1, CAST(300.00 AS Numeric(38, 2)), CAST(300.00 AS Numeric(38, 2)));
 INSERT into order_item ( order_item_id ,  order_id ,  book_id ,  quantity ,  price ,  subtotal ) VALUES (65, 41, 3, 3, CAST(300.00 AS Numeric(38, 2)), CAST(900.00 AS Numeric(38, 2)));
 INSERT into order_item ( order_item_id ,  order_id ,  book_id ,  quantity ,  price ,  subtotal ) VALUES (67, 41, 3, 1, CAST(300.00 AS Numeric(38, 2)), CAST(300.00 AS Numeric(38, 2)));
 INSERT into order_item ( order_item_id ,  order_id ,  book_id ,  quantity ,  price ,  subtotal ) VALUES (68, 42, 3, 1, CAST(300.00 AS Numeric(38, 2)), CAST(300.00 AS Numeric(38, 2)));
 INSERT into order_item ( order_item_id ,  order_id ,  book_id ,  quantity ,  price ,  subtotal ) VALUES (1063, 1040, 2, 1, CAST(350.00 AS Numeric(38, 2)), CAST(350.00 AS Numeric(38, 2)));
 INSERT into order_item ( order_item_id ,  order_id ,  book_id ,  quantity ,  price ,  subtotal ) VALUES (1064, 1041, 13, 2, CAST(1231.00 AS Numeric(38, 2)), CAST(2462.00 AS Numeric(38, 2)));
 INSERT into order_item ( order_item_id ,  order_id ,  book_id ,  quantity ,  price ,  subtotal ) VALUES (1065, 1041, 3, 1, CAST(300.00 AS Numeric(38, 2)), CAST(300.00 AS Numeric(38, 2)));
 INSERT into order_item ( order_item_id ,  order_id ,  book_id ,  quantity ,  price ,  subtotal ) VALUES (1066, 1041, 6, 1, CAST(350.00 AS Numeric(38, 2)), CAST(350.00 AS Numeric(38, 2)));
 INSERT into order_item ( order_item_id ,  order_id ,  book_id ,  quantity ,  price ,  subtotal ) VALUES (1067, 1042, 1, 1, CAST(400.00 AS Numeric(38, 2)), CAST(400.00 AS Numeric(38, 2)));
 INSERT into order_item ( order_item_id ,  order_id ,  book_id ,  quantity ,  price ,  subtotal ) VALUES (1068, 1043, 6, 1, CAST(350.00 AS Numeric(38, 2)), CAST(350.00 AS Numeric(38, 2)));
 INSERT into order_item ( order_item_id ,  order_id ,  book_id ,  quantity ,  price ,  subtotal ) VALUES (1069, 1044, 3, 1, CAST(300.00 AS Numeric(38, 2)), CAST(300.00 AS Numeric(38, 2)));
 INSERT into order_item ( order_item_id ,  order_id ,  book_id ,  quantity ,  price ,  subtotal ) VALUES (1070, 1045, 3, 1, CAST(300.00 AS Numeric(38, 2)), CAST(300.00 AS Numeric(38, 2)));
 INSERT into order_item ( order_item_id ,  order_id ,  book_id ,  quantity ,  price ,  subtotal ) VALUES (1071, 1046, 3, 1, CAST(300.00 AS Numeric(38, 2)), CAST(300.00 AS Numeric(38, 2)));
 INSERT into order_item ( order_item_id ,  order_id ,  book_id ,  quantity ,  price ,  subtotal ) VALUES (1072, 1047, 1, 1, CAST(400.00 AS Numeric(38, 2)), CAST(400.00 AS Numeric(38, 2)));
 INSERT into order_item ( order_item_id ,  order_id ,  book_id ,  quantity ,  price ,  subtotal ) VALUES (1073, 1047, 2, 1, CAST(350.00 AS Numeric(38, 2)), CAST(350.00 AS Numeric(38, 2)));
 INSERT into order_item ( order_item_id ,  order_id ,  book_id ,  quantity ,  price ,  subtotal ) VALUES (1074, 1048, 2, 1, CAST(350.00 AS Numeric(38, 2)), CAST(350.00 AS Numeric(38, 2)));
 INSERT into order_item ( order_item_id ,  order_id ,  book_id ,  quantity ,  price ,  subtotal ) VALUES (1075, 1049, 3, 1, CAST(300.00 AS Numeric(38, 2)), CAST(300.00 AS Numeric(38, 2)));
 INSERT into order_item ( order_item_id ,  order_id ,  book_id ,  quantity ,  price ,  subtotal ) VALUES (1076, 1049, 1, 1, CAST(400.00 AS Numeric(38, 2)), CAST(400.00 AS Numeric(38, 2)));
 INSERT into order_item ( order_item_id ,  order_id ,  book_id ,  quantity ,  price ,  subtotal ) VALUES (1079, 1050, 2, 2, CAST(350.00 AS Numeric(38, 2)), CAST(700.00 AS Numeric(38, 2)));
 INSERT into order_item ( order_item_id ,  order_id ,  book_id ,  quantity ,  price ,  subtotal ) VALUES (1080, 1050, 3, 1, CAST(300.00 AS Numeric(38, 2)), CAST(300.00 AS Numeric(38, 2)));
 INSERT into order_item ( order_item_id ,  order_id ,  book_id ,  quantity ,  price ,  subtotal ) VALUES (1081, 1051, 1, 1, CAST(400.00 AS Numeric(38, 2)), CAST(400.00 AS Numeric(38, 2)));
 INSERT into order_item ( order_item_id ,  order_id ,  book_id ,  quantity ,  price ,  subtotal ) VALUES (1082, 2, 1, 1, CAST(400.00 AS Numeric(38, 2)), CAST(400.00 AS Numeric(38, 2)));
 INSERT into order_item ( order_item_id ,  order_id ,  book_id ,  quantity ,  price ,  subtotal ) VALUES (1083, 1052, 1, 1, CAST(400.00 AS Numeric(38, 2)), CAST(400.00 AS Numeric(38, 2)));
 INSERT into order_item ( order_item_id ,  order_id ,  book_id ,  quantity ,  price ,  subtotal ) VALUES (1084, 1053, 1, 2, CAST(400.00 AS Numeric(38, 2)), CAST(800.00 AS Numeric(38, 2)));
 INSERT into order_item ( order_item_id ,  order_id ,  book_id ,  quantity ,  price ,  subtotal ) VALUES (1085, 1053, 3, 1, CAST(300.00 AS Numeric(38, 2)), CAST(300.00 AS Numeric(38, 2)));
 INSERT into order_item ( order_item_id ,  order_id ,  book_id ,  quantity ,  price ,  subtotal ) VALUES (1086, 1054, 1, 1, CAST(400.00 AS Numeric(38, 2)), CAST(400.00 AS Numeric(38, 2)));
 INSERT into order_item ( order_item_id ,  order_id ,  book_id ,  quantity ,  price ,  subtotal ) VALUES (1087, 24, 1, 1, CAST(400.00 AS Numeric(38, 2)), CAST(400.00 AS Numeric(38, 2)));
 INSERT into order_item ( order_item_id ,  order_id ,  book_id ,  quantity ,  price ,  subtotal ) VALUES (1088, 1055, 6, 1, CAST(350.00 AS Numeric(38, 2)), CAST(350.00 AS Numeric(38, 2)));
 INSERT into order_item ( order_item_id ,  order_id ,  book_id ,  quantity ,  price ,  subtotal ) VALUES (1089, 1056, 1, 1, CAST(400.00 AS Numeric(38, 2)), CAST(400.00 AS Numeric(38, 2)));
 INSERT into order_item ( order_item_id ,  order_id ,  book_id ,  quantity ,  price ,  subtotal ) VALUES (1090, 1056, 13, 1, CAST(1231.00 AS Numeric(38, 2)), CAST(1231.00 AS Numeric(38, 2)));
 INSERT into order_item ( order_item_id ,  order_id ,  book_id ,  quantity ,  price ,  subtotal ) VALUES (1091, 1057, 3, 1, CAST(300.00 AS Numeric(38, 2)), CAST(300.00 AS Numeric(38, 2)));
 INSERT into order_item ( order_item_id ,  order_id ,  book_id ,  quantity ,  price ,  subtotal ) VALUES (1092, 1058, 6, 1, CAST(350.00 AS Numeric(38, 2)), CAST(350.00 AS Numeric(38, 2)));
 INSERT into order_item ( order_item_id ,  order_id ,  book_id ,  quantity ,  price ,  subtotal ) VALUES (1093, 1059, 2, 1, CAST(350.00 AS Numeric(38, 2)), CAST(350.00 AS Numeric(38, 2)));
 INSERT into order_item ( order_item_id ,  order_id ,  book_id ,  quantity ,  price ,  subtotal ) VALUES (1094, 1059, 3, 1, CAST(300.00 AS Numeric(38, 2)), CAST(300.00 AS Numeric(38, 2)));
 INSERT into order_item ( order_item_id ,  order_id ,  book_id ,  quantity ,  price ,  subtotal ) VALUES (1095, 1060, 6, 2, CAST(350.00 AS Numeric(38, 2)), CAST(700.00 AS Numeric(38, 2)));
 INSERT into order_item ( order_item_id ,  order_id ,  book_id ,  quantity ,  price ,  subtotal ) VALUES (1096, 1061, 2, 1, CAST(350.00 AS Numeric(38, 2)), CAST(350.00 AS Numeric(38, 2)));
 INSERT into order_item ( order_item_id ,  order_id ,  book_id ,  quantity ,  price ,  subtotal ) VALUES (1097, 1062, 2, 1, CAST(350.00 AS Numeric(38, 2)), CAST(350.00 AS Numeric(38, 2)));
 INSERT into order_item ( order_item_id ,  order_id ,  book_id ,  quantity ,  price ,  subtotal ) VALUES (1098, 1063, 3, 1, CAST(300.00 AS Numeric(38, 2)), CAST(300.00 AS Numeric(38, 2)));
 INSERT into order_item ( order_item_id ,  order_id ,  book_id ,  quantity ,  price ,  subtotal ) VALUES (1099, 1064, 3, 1, CAST(300.00 AS Numeric(38, 2)), CAST(300.00 AS Numeric(38, 2)));
 INSERT into order_item ( order_item_id ,  order_id ,  book_id ,  quantity ,  price ,  subtotal ) VALUES (1100, 1065, 3, 1, CAST(300.00 AS Numeric(38, 2)), CAST(300.00 AS Numeric(38, 2)));
 INSERT into order_item ( order_item_id ,  order_id ,  book_id ,  quantity ,  price ,  subtotal ) VALUES (1101, 1066, 6, 1, CAST(350.00 AS Numeric(38, 2)), CAST(350.00 AS Numeric(38, 2)));
 INSERT into order_item ( order_item_id ,  order_id ,  book_id ,  quantity ,  price ,  subtotal ) VALUES (1102, 1067, 6, 1, CAST(350.00 AS Numeric(38, 2)), CAST(350.00 AS Numeric(38, 2)));
 INSERT into order_item ( order_item_id ,  order_id ,  book_id ,  quantity ,  price ,  subtotal ) VALUES (1103, 1068, 6, 1, CAST(350.00 AS Numeric(38, 2)), CAST(350.00 AS Numeric(38, 2)));
 INSERT into order_item ( order_item_id ,  order_id ,  book_id ,  quantity ,  price ,  subtotal ) VALUES (1104, 1069, 6, 1, CAST(350.00 AS Numeric(38, 2)), CAST(350.00 AS Numeric(38, 2)));
 INSERT into order_item ( order_item_id ,  order_id ,  book_id ,  quantity ,  price ,  subtotal ) VALUES (1105, 1070, 13, 1, CAST(1231.00 AS Numeric(38, 2)), CAST(1231.00 AS Numeric(38, 2)));
 INSERT into order_item ( order_item_id ,  order_id ,  book_id ,  quantity ,  price ,  subtotal ) VALUES (1106, 1071, 13, 1, CAST(1231.00 AS Numeric(38, 2)), CAST(1231.00 AS Numeric(38, 2)));
 INSERT into order_item ( order_item_id ,  order_id ,  book_id ,  quantity ,  price ,  subtotal ) VALUES (1107, 1072, 2, 1, CAST(350.00 AS Numeric(38, 2)), CAST(350.00 AS Numeric(38, 2)));
 INSERT into order_item ( order_item_id ,  order_id ,  book_id ,  quantity ,  price ,  subtotal ) VALUES (1108, 1073, 2, 1, CAST(350.00 AS Numeric(38, 2)), CAST(350.00 AS Numeric(38, 2)));
 INSERT into order_item ( order_item_id ,  order_id ,  book_id ,  quantity ,  price ,  subtotal ) VALUES (1109, 1074, 2, 1, CAST(350.00 AS Numeric(38, 2)), CAST(350.00 AS Numeric(38, 2)));
 INSERT into order_item ( order_item_id ,  order_id ,  book_id ,  quantity ,  price ,  subtotal ) VALUES (1110, 1075, 2, 1, CAST(350.00 AS Numeric(38, 2)), CAST(350.00 AS Numeric(38, 2)));
 INSERT into order_item ( order_item_id ,  order_id ,  book_id ,  quantity ,  price ,  subtotal ) VALUES (1111, 1076, 2, 1, CAST(350.00 AS Numeric(38, 2)), CAST(350.00 AS Numeric(38, 2)));
 INSERT into order_item ( order_item_id ,  order_id ,  book_id ,  quantity ,  price ,  subtotal ) VALUES (1112, 1077, 2, 1, CAST(350.00 AS Numeric(38, 2)), CAST(350.00 AS Numeric(38, 2)));
 INSERT into order_item ( order_item_id ,  order_id ,  book_id ,  quantity ,  price ,  subtotal ) VALUES (1113, 1078, 2, 1, CAST(350.00 AS Numeric(38, 2)), CAST(350.00 AS Numeric(38, 2)));
 INSERT into order_item ( order_item_id ,  order_id ,  book_id ,  quantity ,  price ,  subtotal ) VALUES (1114, 1079, 13, 1, CAST(1231.00 AS Numeric(38, 2)), CAST(1231.00 AS Numeric(38, 2)));
 INSERT into order_item ( order_item_id ,  order_id ,  book_id ,  quantity ,  price ,  subtotal ) VALUES (1115, 1080, 12, 1, CAST(450.00 AS Numeric(38, 2)), CAST(450.00 AS Numeric(38, 2)));
 INSERT into order_item ( order_item_id ,  order_id ,  book_id ,  quantity ,  price ,  subtotal ) VALUES (1116, 1081, 12, 1, CAST(450.00 AS Numeric(38, 2)), CAST(450.00 AS Numeric(38, 2)));
 INSERT into order_item ( order_item_id ,  order_id ,  book_id ,  quantity ,  price ,  subtotal ) VALUES (1117, 1082, 12, 1, CAST(450.00 AS Numeric(38, 2)), CAST(450.00 AS Numeric(38, 2)));
 INSERT into order_item ( order_item_id ,  order_id ,  book_id ,  quantity ,  price ,  subtotal ) VALUES (1118, 1083, 12, 1, CAST(450.00 AS Numeric(38, 2)), CAST(450.00 AS Numeric(38, 2)));
 INSERT into order_item ( order_item_id ,  order_id ,  book_id ,  quantity ,  price ,  subtotal ) VALUES (1119, 1084, 12, 1, CAST(450.00 AS Numeric(38, 2)), CAST(450.00 AS Numeric(38, 2)));
 INSERT into order_item ( order_item_id ,  order_id ,  book_id ,  quantity ,  price ,  subtotal ) VALUES (1120, 1084, 13, 1, CAST(1231.00 AS Numeric(38, 2)), CAST(1231.00 AS Numeric(38, 2)));
 INSERT into order_item ( order_item_id ,  order_id ,  book_id ,  quantity ,  price ,  subtotal ) VALUES (1121, 1085, 12, 1, CAST(450.00 AS Numeric(38, 2)), CAST(450.00 AS Numeric(38, 2)));
 INSERT into order_item ( order_item_id ,  order_id ,  book_id ,  quantity ,  price ,  subtotal ) VALUES (1122, 1085, 13, 1, CAST(1231.00 AS Numeric(38, 2)), CAST(1231.00 AS Numeric(38, 2)));
 INSERT into order_item ( order_item_id ,  order_id ,  book_id ,  quantity ,  price ,  subtotal ) VALUES (1123, 1086, 12, 1, CAST(450.00 AS Numeric(38, 2)), CAST(450.00 AS Numeric(38, 2)));
 INSERT into order_item ( order_item_id ,  order_id ,  book_id ,  quantity ,  price ,  subtotal ) VALUES (1124, 1087, 12, 1, CAST(450.00 AS Numeric(38, 2)), CAST(450.00 AS Numeric(38, 2)));
 INSERT into order_item ( order_item_id ,  order_id ,  book_id ,  quantity ,  price ,  subtotal ) VALUES (1125, 1088, 12, 1, CAST(450.00 AS Numeric(38, 2)), CAST(450.00 AS Numeric(38, 2)));
 INSERT into order_item ( order_item_id ,  order_id ,  book_id ,  quantity ,  price ,  subtotal ) VALUES (1126, 1089, 12, 1, CAST(450.00 AS Numeric(38, 2)), CAST(450.00 AS Numeric(38, 2)));
 INSERT into order_item ( order_item_id ,  order_id ,  book_id ,  quantity ,  price ,  subtotal ) VALUES (1127, 1090, 4, 1, CAST(320.00 AS Numeric(38, 2)), CAST(320.00 AS Numeric(38, 2)));
 INSERT into order_item ( order_item_id ,  order_id ,  book_id ,  quantity ,  price ,  subtotal ) VALUES (1128, 1091, 4, 1, CAST(320.00 AS Numeric(38, 2)), CAST(320.00 AS Numeric(38, 2)));
 INSERT into order_item ( order_item_id ,  order_id ,  book_id ,  quantity ,  price ,  subtotal ) VALUES (1129, 1092, 4, 1, CAST(320.00 AS Numeric(38, 2)), CAST(320.00 AS Numeric(38, 2)));
 INSERT into order_item ( order_item_id ,  order_id ,  book_id ,  quantity ,  price ,  subtotal ) VALUES (1130, 1093, 4, 1, CAST(320.00 AS Numeric(38, 2)), CAST(320.00 AS Numeric(38, 2)));
 INSERT into order_item ( order_item_id ,  order_id ,  book_id ,  quantity ,  price ,  subtotal ) VALUES (1131, 1094, 4, 1, CAST(320.00 AS Numeric(38, 2)), CAST(320.00 AS Numeric(38, 2)));
 INSERT into order_item ( order_item_id ,  order_id ,  book_id ,  quantity ,  price ,  subtotal ) VALUES (1132, 1094, 7, 1, CAST(950.00 AS Numeric(38, 2)), CAST(950.00 AS Numeric(38, 2)));
-- GO;
 INSERT into order_item ( order_item_id ,  order_id ,  book_id ,  quantity ,  price ,  subtotal ) VALUES (1133, 1095, 7, 1, CAST(950.00 AS Numeric(38, 2)), CAST(950.00 AS Numeric(38, 2)));
 INSERT into order_item ( order_item_id ,  order_id ,  book_id ,  quantity ,  price ,  subtotal ) VALUES (1134, 1096, 7, 1, CAST(950.00 AS Numeric(38, 2)), CAST(950.00 AS Numeric(38, 2)));
 INSERT into order_item ( order_item_id ,  order_id ,  book_id ,  quantity ,  price ,  subtotal ) VALUES (1135, 1097, 4, 1, CAST(320.00 AS Numeric(38, 2)), CAST(320.00 AS Numeric(38, 2)));
 INSERT into order_item ( order_item_id ,  order_id ,  book_id ,  quantity ,  price ,  subtotal ) VALUES (1136, 1098, 7, 1, CAST(950.00 AS Numeric(38, 2)), CAST(950.00 AS Numeric(38, 2)));
 INSERT into order_item ( order_item_id ,  order_id ,  book_id ,  quantity ,  price ,  subtotal ) VALUES (1137, 1099, 7, 1, CAST(950.00 AS Numeric(38, 2)), CAST(950.00 AS Numeric(38, 2)));
 INSERT into order_item ( order_item_id ,  order_id ,  book_id ,  quantity ,  price ,  subtotal ) VALUES (1138, 1100, 13, 1, CAST(1231.00 AS Numeric(38, 2)), CAST(1231.00 AS Numeric(38, 2)));
 INSERT into order_item ( order_item_id ,  order_id ,  book_id ,  quantity ,  price ,  subtotal ) VALUES (1141, 1103, 4, 2, CAST(320.00 AS Numeric(38, 2)), CAST(640.00 AS Numeric(38, 2)));
 INSERT into order_item ( order_item_id ,  order_id ,  book_id ,  quantity ,  price ,  subtotal ) VALUES (1142, 17, 4, 1, CAST(320.00 AS Numeric(38, 2)), CAST(320.00 AS Numeric(38, 2)));
 INSERT into order_item ( order_item_id ,  order_id ,  book_id ,  quantity ,  price ,  subtotal ) VALUES (1143, 1104, 10, 1, CAST(500.00 AS Numeric(38, 2)), CAST(500.00 AS Numeric(38, 2)));
 INSERT into order_item ( order_item_id ,  order_id ,  book_id ,  quantity ,  price ,  subtotal ) VALUES (1144, 1104, 5, 10, CAST(400.00 AS Numeric(38, 2)), CAST(4000.00 AS Numeric(38, 2)));
 INSERT into order_item ( order_item_id ,  order_id ,  book_id ,  quantity ,  price ,  subtotal ) VALUES (1145, 1105, 5, 1, CAST(400.00 AS Numeric(38, 2)), CAST(400.00 AS Numeric(38, 2)));
 INSERT into order_item ( order_item_id ,  order_id ,  book_id ,  quantity ,  price ,  subtotal ) VALUES (1146, 1069, 12, 2, CAST(450.00 AS Numeric(38, 2)), CAST(900.00 AS Numeric(38, 2)));
 INSERT into order_item ( order_item_id ,  order_id ,  book_id ,  quantity ,  price ,  subtotal ) VALUES (1149, 1107, 7, 3, CAST(600.00 AS Numeric(38, 2)), CAST(1800.00 AS Numeric(38, 2)));
 INSERT into order_item ( order_item_id ,  order_id ,  book_id ,  quantity ,  price ,  subtotal ) VALUES (1150, 1107, 8, 2, CAST(720.00 AS Numeric(38, 2)), CAST(1440.00 AS Numeric(38, 2)));
 INSERT into order_item ( order_item_id ,  order_id ,  book_id ,  quantity ,  price ,  subtotal ) VALUES (1151, 1107, 9, 4, CAST(450.00 AS Numeric(38, 2)), CAST(1800.00 AS Numeric(38, 2)));
 INSERT into order_item ( order_item_id ,  order_id ,  book_id ,  quantity ,  price ,  subtotal ) VALUES (1152, 1108, 5, 6, CAST(550.00 AS Numeric(38, 2)), CAST(3300.00 AS Numeric(38, 2)));
 INSERT into order_item ( order_item_id ,  order_id ,  book_id ,  quantity ,  price ,  subtotal ) VALUES (1153, 1108, 10, 5, CAST(450.00 AS Numeric(38, 2)), CAST(2250.00 AS Numeric(38, 2)));
 INSERT into order_item ( order_item_id ,  order_id ,  book_id ,  quantity ,  price ,  subtotal ) VALUES (1154, 1108, 8, 2, CAST(720.00 AS Numeric(38, 2)), CAST(1440.00 AS Numeric(38, 2)));
 INSERT into order_item ( order_item_id ,  order_id ,  book_id ,  quantity ,  price ,  subtotal ) VALUES (1155, 1108, 6, 9, CAST(450.00 AS Numeric(38, 2)), CAST(4050.00 AS Numeric(38, 2)));
 INSERT into order_item ( order_item_id ,  order_id ,  book_id ,  quantity ,  price ,  subtotal ) VALUES (1156, 1109, 5, 4, CAST(450.00 AS Numeric(38, 2)), CAST(1800.00 AS Numeric(38, 2)));
 INSERT into order_item ( order_item_id ,  order_id ,  book_id ,  quantity ,  price ,  subtotal ) VALUES (1157, 1109, 7, 3, CAST(600.00 AS Numeric(38, 2)), CAST(1800.00 AS Numeric(38, 2)));
 INSERT into order_item ( order_item_id ,  order_id ,  book_id ,  quantity ,  price ,  subtotal ) VALUES (1158, 1109, 8, 3, CAST(720.00 AS Numeric(38, 2)), CAST(2160.00 AS Numeric(38, 2)));
 INSERT into order_item ( order_item_id ,  order_id ,  book_id ,  quantity ,  price ,  subtotal ) VALUES (1159, 1109, 9, 3, CAST(450.00 AS Numeric(38, 2)), CAST(1350.00 AS Numeric(38, 2)));
 INSERT into order_item ( order_item_id ,  order_id ,  book_id ,  quantity ,  price ,  subtotal ) VALUES (1161, 1109, 10, 1, CAST(450.00 AS Numeric(38, 2)), CAST(450.00 AS Numeric(38, 2)));
 INSERT into order_item ( order_item_id ,  order_id ,  book_id ,  quantity ,  price ,  subtotal ) VALUES (1162, 1110, 9, 1, CAST(450.00 AS Numeric(38, 2)), CAST(450.00 AS Numeric(38, 2)));
-- SET IDENTITY_INSERT into order_item OFF
-- GO
-- SET IDENTITY_INSERT into order_returns  ON 

 INSERT into order_returns  ( return_id ,  created_at ,  description ,  reason ,  order_id ) VALUES (1, CAST(N'2026-01-29T15:15:17.2360000' AS DateTime2), N'', N'商品有瑕疵', 1104);
 INSERT into order_returns  ( return_id ,  created_at ,  description ,  reason ,  order_id ) VALUES (2, CAST(N'2026-01-29T15:23:44.0580000' AS DateTime2), N'我將退貨', N'收到錯誤商品', 1105);
 INSERT into order_returns  ( return_id ,  created_at ,  description ,  reason ,  order_id ) VALUES (3, CAST(N'2026-01-31T11:30:40.5980000' AS DateTime2), N'', N'改變心意', 1067);
-- SET IDENTITY_INSERT into order_returns  OFF
-- GO
-- SET IDENTITY_INSERT into orders  ON 

-- =============================================
-- 評價資料 (reviews)
-- =============================================
--SET IDENTITY_INSERT reviews ON;

INSERT INTO reviews (review_id, user_id, book_id, rating, comment, created_at,status) VALUES 
(1, 1, 1, 5, '這本書改變了我的生活習慣，大推！', CURRENT_TIMESTAMP,1),
(2, 2, 1, 5, '內容紮實，實踐性高。', CURRENT_TIMESTAMP,1),
(3, 3, 1, 4, '翻譯流暢，容易閱讀。', CURRENT_TIMESTAMP,1),
(4, 4, 1, 5, '原子習慣的複利效應真的很驚人。', CURRENT_TIMESTAMP,1),
(5, 5, 1, 4, '值得一讀再讀的好書。', CURRENT_TIMESTAMP,1),
(6, 1, 2, 5, '資料庫觀念講解得很清楚。', CURRENT_TIMESTAMP,1),
(7, 2, 2, 4, '適合初學者的入門書。', CURRENT_TIMESTAMP,1),
(8, 3, 2, 5, '實務範例很多，很有幫助。', CURRENT_TIMESTAMP,1),
(9, 4, 2, 3, '部分內容稍微艱深。', CURRENT_TIMESTAMP,1),
(10, 5, 2, 4, '學校教材，還不錯。', CURRENT_TIMESTAMP,1),
(11, 1, 3, 5, '程式設計師必讀聖經。', CURRENT_TIMESTAMP,1),
(12, 2, 3, 5, '看完覺得以前寫的程式碼像垃圾 XD', CURRENT_TIMESTAMP,1),
(13, 3, 3, 5, '對於提升程式碼品質非常有幫助。', CURRENT_TIMESTAMP,1),
(14, 4, 3, 4, '有些觀念需要經驗才能體會。', CURRENT_TIMESTAMP,1),
(15, 5, 3, 5, '經典中的經典。', CURRENT_TIMESTAMP,1),
(16, 1, 4, 4, '輕鬆有趣的 Python 入門書。', CURRENT_TIMESTAMP,1),
(17, 2, 4, 5, '範例很有趣，不會枯燥。', CURRENT_TIMESTAMP,1),
(18, 3, 4, 4, '適合完全沒有基礎的人。', CURRENT_TIMESTAMP,1),
(19, 4, 4, 3, '進階內容較少。', CURRENT_TIMESTAMP,1),
(20, 5, 4, 4, '排版舒服，閱讀體驗佳。', CURRENT_TIMESTAMP,1),
(21, 1, 5, 5, '資料科學實戰首選。', CURRENT_TIMESTAMP,1),
(22, 2, 5, 5, 'Pandas 和 NumPy 講得很詳細。', CURRENT_TIMESTAMP,1),
(23, 3, 5, 4, '範例程式碼可以直接跑，很棒。', CURRENT_TIMESTAMP,1),
(24, 4, 5, 5, '機器學習入門的好幫手。', CURRENT_TIMESTAMP,1),
(25, 5, 5, 4, '圖表解說清晰。', CURRENT_TIMESTAMP,1),
(26, 1, 6, 5, '用圖解的方式講演算法，真的秒懂！', CURRENT_TIMESTAMP, 1),
(27, 2, 6, 5, '比教科書有趣太多了。', CURRENT_TIMESTAMP, 1),
(28, 3, 6, 4, '適合面試前複習。', CURRENT_TIMESTAMP, 1),
(29, 4, 6, 5, '插圖很可愛，內容也很紮實。', CURRENT_TIMESTAMP, 1),
(30, 5, 6, 4, '基礎演算法都有涵蓋。', CURRENT_TIMESTAMP, 1),
(31, 1, 7, 5, 'DDD 領域驅動設計的經典。', CURRENT_TIMESTAMP, 1),
(32, 2, 7, 4, '內容比較硬，需要多讀幾次。', CURRENT_TIMESTAMP, 1),
(33, 3, 7, 5, '解決複雜業務邏輯的必備知識。', CURRENT_TIMESTAMP, 1),
(34, 4, 7, 3, '翻譯有些地方不太通順。', CURRENT_TIMESTAMP, 1),
(35, 5, 7, 5, '架構師必讀。', CURRENT_TIMESTAMP, 1),
(36, 1, 8, 5, '重構是改善程式碼的必經之路。', CURRENT_TIMESTAMP, 1),
(37, 2, 8, 5, '第二版針對 JS/TS 的範例很實用。', CURRENT_TIMESTAMP, 1),
(38, 3, 8, 4, '雖然貴了點，但物超所值。', CURRENT_TIMESTAMP, 1),
(39, 4, 8, 5, 'Martin Fowler 的書就是品質保證。', CURRENT_TIMESTAMP, 1),
(40, 5, 8, 4, '隨時都可以拿出來翻閱。', CURRENT_TIMESTAMP, 1),
(41, 1, 9, 5, 'GoF 設計模式，經典不敗。', CURRENT_TIMESTAMP, 1),
(42, 2, 9, 4, '範例是 C++，讀起來稍微吃力。', CURRENT_TIMESTAMP, 1),
(43, 3, 9, 5, '軟體工程師的內功心法。', CURRENT_TIMESTAMP, 1),
(44, 4, 9, 5, '雖然是老書，但觀念依然適用。', CURRENT_TIMESTAMP, 1),
(45, 5, 9, 4, '建議搭配現代語言的實作來看。', CURRENT_TIMESTAMP, 1),
(46, 1, 10, 5, 'ASP.NET Core 開發者的實戰手冊。', CURRENT_TIMESTAMP, 1),
(47, 2, 10, 4, '內容很新，涵蓋了 .NET 8。', CURRENT_TIMESTAMP, 1),
(48, 3, 10, 5, '步驟教學詳細，跟著做就能上手。', CURRENT_TIMESTAMP, 1),
(49, 4, 10, 4, '對於微服務架構也有著墨。', CURRENT_TIMESTAMP, 1),
(50, 5, 10, 5, '微軟技術堆疊必備。', CURRENT_TIMESTAMP, 1),
(51, 1, 11, 5, '雲端原生時代的必備技能。', CURRENT_TIMESTAMP, 1),
(52, 2, 11, 4, 'Kubernetes 的概念講得很清楚。', CURRENT_TIMESTAMP, 1),
(53, 3, 11, 5, '實戰範例豐富，很有參考價值。', CURRENT_TIMESTAMP, 1),
(54, 4, 11, 3, '對於初學者來說門檻稍高。', CURRENT_TIMESTAMP, 1),
(55, 5, 11, 4, 'DevOps 工程師必看。', CURRENT_TIMESTAMP, 1),
(56, 1, 12, 5, 'T-SQL 查詢優化的聖經。', CURRENT_TIMESTAMP, 1),
(57, 2, 12, 5, '深入淺出，解決了很多效能問題。', CURRENT_TIMESTAMP, 1),
(58, 3, 12, 4, '雖然是 2005 版，但核心觀念通用。', CURRENT_TIMESTAMP, 1),
(59, 4, 12, 5, 'Itzik Ben-Gan 的書都很棒。', CURRENT_TIMESTAMP, 1),
(60, 5, 12, 4, 'DBA 案頭書。', CURRENT_TIMESTAMP, 1),
(61, 1, 13, 1, '缺頁嚴重，不推薦。', CURRENT_TIMESTAMP, 1),
(62, 2, 13, 2, '內容空洞。', CURRENT_TIMESTAMP, 1),
(63, 3, 13, 1, '買了後悔。', CURRENT_TIMESTAMP, 1),
(64, 4, 13, 2, '不知道在寫什麼。', CURRENT_TIMESTAMP, 1),
(65, 5, 13, 1, '浪費錢。', CURRENT_TIMESTAMP, 1),
(66, 1, 14, 5, '看清事物本質的思考法。', CURRENT_TIMESTAMP, 1),
(67, 2, 14, 4, '劉潤的觀點很有啟發性。', CURRENT_TIMESTAMP, 1),
(68, 3, 14, 5, '邏輯清晰，案例生動。', CURRENT_TIMESTAMP, 1),
(69, 4, 14, 4, '職場生存必備。', CURRENT_TIMESTAMP, 1),
(70, 5, 14, 5, '提升思考維度的好書。', CURRENT_TIMESTAMP, 1),
(71, 1, 15, 5, '數學邏輯與商業思維的結合。', CURRENT_TIMESTAMP, 1),
(72, 2, 15, 4, '比第一集更深入。', CURRENT_TIMESTAMP, 1),
(73, 3, 15, 5, '數字背後的商業秘密。', CURRENT_TIMESTAMP, 1),
(74, 4, 15, 4, '含金量很高。', CURRENT_TIMESTAMP, 1),
(75, 5, 15, 5, '值得反覆閱讀。', CURRENT_TIMESTAMP, 1),
(76, 1, 16, 5, '股癌大大的書，一定要支持！', CURRENT_TIMESTAMP, 1),
(77, 2, 16, 5, '跳脫黑白二元對立的思考陷阱。', CURRENT_TIMESTAMP, 1),
(78, 3, 16, 4, '內容幽默風趣，觀點獨到。', CURRENT_TIMESTAMP, 1),
(79, 4, 16, 5, '投資理財與人生哲學的結合。', CURRENT_TIMESTAMP, 1),
(80, 5, 16, 4, '讀完獲益良多。', CURRENT_TIMESTAMP, 1),
(81, 1, 17, 5, '用數據說話，打破迷思。', CURRENT_TIMESTAMP, 1),
(82, 2, 17, 4, '內容紮實，數據詳盡。', CURRENT_TIMESTAMP, 1),
(83, 3, 17, 5, '比爾蓋茲推薦的好書。', CURRENT_TIMESTAMP, 1),
(84, 4, 17, 3, '讀起來稍微枯燥，但很有料。', CURRENT_TIMESTAMP, 1),
(85, 5, 17, 4, '了解世界運作的真實面貌。', CURRENT_TIMESTAMP, 1),
(86, 1, 18, 5, '邏輯學入門的最佳教材。', CURRENT_TIMESTAMP, 1),
(87, 2, 18, 4, '訓練批判性思考。', CURRENT_TIMESTAMP, 1),
(88, 3, 18, 5, '翻譯通順，解釋清晰。', CURRENT_TIMESTAMP, 1),
(89, 4, 18, 4, '哲學系必讀。', CURRENT_TIMESTAMP, 1),
(90, 5, 18, 5, '提升論證能力。', CURRENT_TIMESTAMP, 1),
(91, 1, 19, 5, '在這個成癮時代，這本書是解藥。', CURRENT_TIMESTAMP, 1),
(92, 2, 19, 5, '了解多巴胺運作機制，找回生活平衡。', CURRENT_TIMESTAMP, 1),
(93, 3, 19, 4, '案例很真實，發人深省。', CURRENT_TIMESTAMP, 1),
(94, 4, 19, 5, '痛苦與快樂的平衡之道。', CURRENT_TIMESTAMP, 1),
(95, 5, 19, 4, '推薦給手機成癮者。', CURRENT_TIMESTAMP, 1),
(96, 1, 20, 5, 'Java 入門最有趣的書！', CURRENT_TIMESTAMP, 1),
(97, 2, 20, 5, '圖文並茂，學習不枯燥。', CURRENT_TIMESTAMP, 1),
(98, 3, 20, 4, '雖然是入門書，但觀念講得很清楚。', CURRENT_TIMESTAMP, 1),
(99, 4, 20, 5, 'Head First 系列就是讚。', CURRENT_TIMESTAMP, 1),
(100, 5, 20, 4, '適合完全沒有程式基礎的人。', CURRENT_TIMESTAMP, 1),
(101, 1, 21, 5, '每天讀一點，增加醫學常識。', CURRENT_TIMESTAMP, 1),
(102, 2, 21, 4, '內容淺顯易懂。', CURRENT_TIMESTAMP, 1),
(103, 3, 21, 5, '家庭必備的醫學百科。', CURRENT_TIMESTAMP, 1),
(104, 4, 21, 4, '排版精美，閱讀無負擔。', CURRENT_TIMESTAMP, 1),
(105, 5, 21, 5, '很實用的健康知識。', CURRENT_TIMESTAMP, 1);

--SET IDENTITY_INSERT reviews OFF;
